ID,Latitude,Longitude,Block,Level,Parent,State,Details
0,-37.8136,144.9631,0,0,-1,VIC,DataCenter
1,-37.81590726258673,144.95861052251743,8,1,0,VIC,Block8 Proxy
2,-37.8098077374147,144.96672001818789,5,1,0,VIC,Block5 Proxy
3,-37.81184450442558,144.9533685740176,12,2,2,VIC,Block12 Gateway
4,-37.81332288142856,144.96641105962948,8,1,0,VIC,Block8 Proxy
5,-37.812671632121095,144.95830476244126,11,1,0,VIC,Block11 Proxy
6,-37.81357561542356,144.95877642149193,1,1,0,VIC,Block1 Proxy
7,-37.81090920091745,144.9589982542934,8,2,2,VIC,Block8 Gateway
8,-37.811888583769196,144.95682778232418,11,2,6,VIC,Block11 Gateway
9,-37.82012719538383,144.97189243246814,3,1,0,VIC,Block3 Proxy
10,-37.81997364492763,144.95375485974623,8,1,0,VIC,Block8 Proxy
11,-37.8112318794431,144.9681684557198,8,1,0,VIC,Block8 Proxy
12,-37.8164030086599,144.9532853220969,11,1,0,VIC,Block11 Proxy
13,-37.81220835152071,144.9665022263303,5,1,0,VIC,Block5 Proxy
14,-37.81523202729535,144.9725750552769,7,1,0,VIC,Block7 Proxy
15,-37.81653347807846,144.97398723728136,12,2,11,VIC,Block12 Gateway
16,-37.812732295558654,144.95354274206207,10,1,0,VIC,Block10 Proxy
17,-37.814075234341686,144.9564626865639,7,1,0,VIC,Block7 Proxy
18,-37.81687293952464,144.95907901298742,9,2,2,VIC,Block9 Gateway
19,-37.818441748140465,144.95681553560914,9,2,6,VIC,Block9 Gateway
20,-37.81843735820692,144.96563394641322,8,1,0,VIC,Block8 Proxy
21,-37.82053706310298,144.96838588372026,11,1,0,VIC,Block11 Proxy
22,-37.819720066389046,144.9752733789462,2,2,8,VIC,Block2 Gateway
23,-37.811317025477486,144.97457342170213,6,2,18,VIC,Block6 Gateway
24,-37.817866548353265,144.95769069642114,10,2,5,VIC,Block10 Gateway
25,-37.812810607323634,144.96337771462697,10,1,0,VIC,Block10 Proxy
26,-37.816733443715215,144.9673734513841,3,1,0,VIC,Block3 Proxy
27,-37.813411281345424,144.96348788408295,4,1,0,VIC,Block4 Proxy
28,-37.812123703884254,144.96957760726028,4,1,0,VIC,Block4 Proxy
29,-37.820029117144855,144.9731276548793,3,1,0,VIC,Block3 Proxy
30,-37.81246865278322,144.9554264762424,11,1,0,VIC,Block11 Proxy
31,-37.81443669636863,144.97256701330113,10,2,6,VIC,Block10 Gateway
32,-37.813430661653044,144.96901297816854,6,2,18,VIC,Block6 Gateway
33,-37.8098343866562,144.9619143636589,10,2,32,VIC,Block10 Gateway
34,-37.818632470752306,144.96580359246525,11,1,0,VIC,Block11 Proxy
35,-37.81311680193304,144.9621550789603,6,1,0,VIC,Block6 Proxy
36,-37.81369094406579,144.974761276936,8,2,32,VIC,Block8 Gateway
37,-37.81275366391827,144.97444228414162,9,1,0,VIC,Block9 Proxy
38,-37.81494629208365,144.97370737687515,3,1,0,VIC,Block3 Proxy
39,-37.81147090282739,144.95239783555462,12,1,0,VIC,Block12 Proxy
40,-37.809472154508825,144.9656828454412,8,2,1,VIC,Block8 Gateway
41,-37.809748931961266,144.96379005684477,11,2,11,VIC,Block11 Gateway
42,-37.81547331232434,144.96205439028122,8,1,0,VIC,Block8 Proxy
43,-37.81923620883892,144.9527308697385,7,2,36,VIC,Block7 Gateway
44,-37.81795141872377,144.95834004982387,12,2,38,VIC,Block12 Gateway
45,-37.81171025464796,144.9687793063207,8,2,3,VIC,Block8 Gateway
46,-37.818121973015096,144.9698975080832,3,1,0,VIC,Block3 Proxy
47,-37.811781623508494,144.96211616686313,11,2,13,VIC,Block11 Gateway
48,-37.815835112432836,144.9586259796834,3,1,0,VIC,Block3 Proxy
49,-37.81039601107354,144.95858033364823,6,2,34,VIC,Block6 Gateway
50,-37.81576997295765,144.96283480542732,3,1,0,VIC,Block3 Proxy
51,-37.81372685937358,144.96126978617872,8,1,0,VIC,Block8 Proxy
52,-37.81072363209971,144.96728931212445,2,1,0,VIC,Block2 Proxy
53,-37.8143818050789,144.97358944750644,2,2,7,VIC,Block2 Gateway
54,-37.80983872707093,144.95397125424583,11,2,16,VIC,Block11 Gateway
55,-37.81343072477322,144.97355294196004,6,2,33,VIC,Block6 Gateway
56,-37.81430184995287,144.97334690107573,4,1,0,VIC,Block4 Proxy
57,-37.8168001662382,144.96723198483988,7,1,0,VIC,Block7 Proxy
58,-37.81878002674168,144.9702096695603,4,2,11,VIC,Block4 Gateway
59,-37.81387539847975,144.9588362146704,8,1,0,VIC,Block8 Proxy
60,-37.81232579771025,144.95330504057483,6,1,0,VIC,Block6 Proxy
61,-37.81963490629951,144.96614960179693,8,2,19,VIC,Block8 Gateway
62,-37.81173662975696,144.97128475637453,8,1,0,VIC,Block8 Proxy
63,-37.80958241273861,144.96650249824637,2,2,17,VIC,Block2 Gateway
64,-37.809778766347634,144.97008180594105,5,1,0,VIC,Block5 Proxy
65,-37.81593576759664,144.96614181283192,7,2,35,VIC,Block7 Gateway
66,-37.81103298559674,144.95309160094857,1,1,0,VIC,Block1 Proxy
67,-37.82065298422699,144.96024152192038,9,1,0,VIC,Block9 Proxy
68,-37.814688494004336,144.9714714835377,7,2,2,VIC,Block7 Gateway
69,-37.815355575242776,144.96442327269747,3,1,0,VIC,Block3 Proxy
70,-37.81363252871381,144.97377431579966,2,2,59,VIC,Block2 Gateway
71,-37.8103701029823,144.96146794086664,4,2,50,VIC,Block4 Gateway
72,-37.818164641708286,144.95774595009186,6,1,0,VIC,Block6 Proxy
73,-37.81496490564259,144.9548929418543,11,2,25,VIC,Block11 Gateway
74,-37.81410196802041,144.95521882042584,9,2,4,VIC,Block9 Gateway
75,-37.81177654575021,144.95663513098427,3,1,0,VIC,Block3 Proxy
76,-37.81012318213224,144.96433226781633,12,1,0,VIC,Block12 Proxy
77,-37.80912342981165,144.9611326356839,1,2,66,VIC,Block1 Gateway
78,-37.81684917837827,144.97144055852118,9,1,0,VIC,Block9 Proxy
79,-37.81378929423606,144.95916482191473,9,1,0,VIC,Block9 Proxy
80,-37.818467083959824,144.95457890067917,10,1,0,VIC,Block10 Proxy
81,-37.81781927039646,144.96393967601907,10,2,53,VIC,Block10 Gateway
82,-37.81674454389993,144.96582969731347,12,2,65,VIC,Block12 Gateway
83,-37.819766849474085,144.96774700941072,5,1,0,VIC,Block5 Proxy
84,-37.82058723712698,144.9563280066232,12,2,51,VIC,Block12 Gateway
85,-37.82061193599171,144.96294225077926,1,1,0,VIC,Block1 Proxy
86,-37.81344968120843,144.95277487527886,4,1,0,VIC,Block4 Proxy
87,-37.81939134458754,144.95472240982,2,1,0,VIC,Block2 Proxy
88,-37.809859540374426,144.96430546193895,11,1,0,VIC,Block11 Proxy
89,-37.811999956510526,144.97349680351357,8,1,0,VIC,Block8 Proxy
90,-37.813709146121724,144.95711017339076,8,1,0,VIC,Block8 Proxy
91,-37.818325990383194,144.95978278367087,11,1,0,VIC,Block11 Proxy
92,-37.815928517559286,144.97064802393265,10,2,79,VIC,Block10 Gateway
93,-37.80911343292466,144.97221221517398,6,1,0,VIC,Block6 Proxy
94,-37.817807562254714,144.96960506179954,11,2,19,VIC,Block11 Gateway
95,-37.81025646124027,144.96057042970463,4,1,0,VIC,Block4 Proxy
96,-37.81336884154465,144.95769005106374,6,2,29,VIC,Block6 Gateway
97,-37.81171141297855,144.9584861261317,12,2,40,VIC,Block12 Gateway
98,-37.81491429561839,144.95861298623242,2,2,96,VIC,Block2 Gateway
99,-37.81973804461928,144.96227515911414,8,1,0,VIC,Block8 Proxy
100,-37.81541509131594,144.95372872220833,2,1,0,VIC,Block2 Proxy
101,-37.80998716918079,144.95347367834552,8,2,81,VIC,Block8 Gateway
102,-37.818375873561536,144.97546495531859,11,1,0,VIC,Block11 Proxy
103,-37.80932592444184,144.97152244874036,1,2,84,VIC,Block1 Gateway
104,-37.81846665857226,144.97422915211823,11,2,86,VIC,Block11 Gateway
105,-37.817744340984255,144.96859505778943,9,1,0,VIC,Block9 Proxy
106,-37.82009545645074,144.97418330773326,9,2,80,VIC,Block9 Gateway
107,-37.81321105426634,144.9682984648236,6,2,32,VIC,Block6 Gateway
108,-37.80921043782922,144.96868662199867,5,2,25,VIC,Block5 Gateway
109,-37.8173620696553,144.963995853844,9,1,0,VIC,Block9 Proxy
110,-37.81466001495065,144.96674220210025,4,1,0,VIC,Block4 Proxy
111,-37.80928060323515,144.96628975773805,8,2,63,VIC,Block8 Gateway
112,-37.82048458684739,144.97197739239814,1,2,50,VIC,Block1 Gateway
113,-37.81766997150814,144.9663891848731,6,1,0,VIC,Block6 Proxy
114,-37.814802167975195,144.9716161216194,4,1,0,VIC,Block4 Proxy
115,-37.80950722575329,144.96074371063963,6,1,0,VIC,Block6 Proxy
116,-37.815718870419595,144.9597939785514,6,2,43,VIC,Block6 Gateway
117,-37.81726853638108,144.96223602410296,1,2,56,VIC,Block1 Gateway
118,-37.811061164173566,144.9606376971297,3,1,0,VIC,Block3 Proxy
119,-37.81532707804121,144.95937723465153,9,1,0,VIC,Block9 Proxy
120,-37.809759225505175,144.9686425911873,3,1,0,VIC,Block3 Proxy
121,-37.813736460179335,144.9646475288733,6,2,116,VIC,Block6 Gateway
122,-37.81535467988904,144.95367943527717,4,2,113,VIC,Block4 Gateway
123,-37.81475821886642,144.9551190037807,3,1,0,VIC,Block3 Proxy
124,-37.81376563579001,144.9522392606986,8,2,31,VIC,Block8 Gateway
125,-37.81850154590632,144.95414457475047,8,1,0,VIC,Block8 Proxy
126,-37.81174922494562,144.96762084944763,6,2,7,VIC,Block6 Gateway
127,-37.81504472648617,144.9637992414812,2,2,108,VIC,Block2 Gateway
128,-37.81462466630323,144.96092124377233,10,1,0,VIC,Block10 Proxy
129,-37.80942856789779,144.9583219700466,8,2,126,VIC,Block8 Gateway
130,-37.81402760646991,144.9608517467661,1,1,0,VIC,Block1 Proxy
131,-37.81945894294285,144.95505463897032,5,2,27,VIC,Block5 Gateway
132,-37.81403848383785,144.9708529042776,1,1,0,VIC,Block1 Proxy
133,-37.81228046229462,144.96365012837072,10,2,43,VIC,Block10 Gateway
134,-37.82004365129054,144.9604237637686,12,2,129,VIC,Block12 Gateway
135,-37.81938824330775,144.96177958313834,7,1,0,VIC,Block7 Proxy
136,-37.820362283855175,144.97475939477948,3,1,0,VIC,Block3 Proxy
137,-37.8151210675024,144.97535468801524,11,2,59,VIC,Block11 Gateway
138,-37.81071965658095,144.9630743319546,7,2,50,VIC,Block7 Gateway
139,-37.813553589514264,144.95368656063513,6,2,94,VIC,Block6 Gateway
140,-37.810207696330814,144.9560557305028,1,2,45,VIC,Block1 Gateway
141,-37.81036353554963,144.96243307031764,4,2,82,VIC,Block4 Gateway
142,-37.819870631924246,144.96783836800407,5,1,0,VIC,Block5 Proxy
143,-37.81510840667315,144.95270574545455,2,1,0,VIC,Block2 Proxy
144,-37.81030296836662,144.9717075472087,11,2,82,VIC,Block11 Gateway
145,-37.82024288936906,144.97525235349576,7,1,0,VIC,Block7 Proxy
146,-37.819167724456626,144.96568365197356,6,2,70,VIC,Block6 Gateway
147,-37.81519951169694,144.96893411200477,11,2,107,VIC,Block11 Gateway
148,-37.81709957673166,144.96230278745332,4,2,3,VIC,Block4 Gateway
149,-37.811933749862575,144.95861788513102,5,1,0,VIC,Block5 Proxy
150,-37.809897978945,144.9687863478134,10,1,0,VIC,Block10 Proxy
151,-37.81835593829558,144.95327991213537,6,2,122,VIC,Block6 Gateway
152,-37.82019092233108,144.96152285767172,6,1,0,VIC,Block6 Proxy
153,-37.81669665742679,144.95651244494837,7,1,0,VIC,Block7 Proxy
154,-37.817234124987664,144.95535739046974,8,1,0,VIC,Block8 Proxy
155,-37.820006731584485,144.97106444394407,12,2,43,VIC,Block12 Gateway
156,-37.8096118675369,144.96045397062235,8,1,0,VIC,Block8 Proxy
157,-37.82003428582957,144.9688219421847,7,1,0,VIC,Block7 Proxy
158,-37.81670256138114,144.97452056252985,8,1,0,VIC,Block8 Proxy
159,-37.81799601295789,144.95266793418622,12,2,26,VIC,Block12 Gateway
160,-37.81004532195388,144.9552896393591,7,2,74,VIC,Block7 Gateway
161,-37.81013815438107,144.95963991832198,4,2,112,VIC,Block4 Gateway
162,-37.81571518113224,144.96689907878627,1,1,0,VIC,Block1 Proxy
163,-37.817107047592465,144.97310867396936,6,2,51,VIC,Block6 Gateway
164,-37.816669017932206,144.9624023160184,2,1,0,VIC,Block2 Proxy
165,-37.815962430925495,144.96395089439622,1,1,0,VIC,Block1 Proxy
166,-37.82073524744356,144.96260285243318,6,1,0,VIC,Block6 Proxy
167,-37.819888147187484,144.95814889595667,3,2,148,VIC,Block3 Gateway
168,-37.81658243492469,144.95641436650226,8,2,155,VIC,Block8 Gateway
169,-37.81708333348812,144.9737226092893,8,2,101,VIC,Block8 Gateway
170,-37.81328747518003,144.9700336079019,5,1,0,VIC,Block5 Proxy
171,-37.80950931026581,144.9643015517252,10,1,0,VIC,Block10 Proxy
172,-37.81350393895534,144.9732929297741,8,2,162,VIC,Block8 Gateway
173,-37.81237834260309,144.9747833132644,5,1,0,VIC,Block5 Proxy
174,-37.81712267081023,144.9746184041944,8,1,0,VIC,Block8 Proxy
175,-37.81054747225647,144.97014920303135,2,1,0,VIC,Block2 Proxy
176,-37.817851562361994,144.96730636120566,4,2,69,VIC,Block4 Gateway
177,-37.81151590608436,144.96534320463823,4,2,166,VIC,Block4 Gateway
178,-37.82036263417383,144.95272771443555,9,2,126,VIC,Block9 Gateway
179,-37.818108541453746,144.9704897896109,2,1,0,VIC,Block2 Proxy
180,-37.8098840664657,144.97390495013528,12,1,0,VIC,Block12 Proxy
181,-37.82044147518848,144.9637038455608,4,2,124,VIC,Block4 Gateway
182,-37.81475834499485,144.95950464302345,8,2,7,VIC,Block8 Gateway
183,-37.81457499287623,144.96163549261442,3,2,90,VIC,Block3 Gateway
184,-37.81390184546515,144.95297949016506,5,2,58,VIC,Block5 Gateway
185,-37.813114886128396,144.96267384853536,9,2,64,VIC,Block9 Gateway
186,-37.82068299973955,144.95756883204996,3,1,0,VIC,Block3 Proxy
187,-37.81963501110138,144.95643259002583,12,1,0,VIC,Block12 Proxy
188,-37.81663315729452,144.97473180626946,6,1,0,VIC,Block6 Proxy
189,-37.815884642084285,144.9535306386555,1,1,0,VIC,Block1 Proxy
190,-37.81963158140071,144.95696650534788,10,2,151,VIC,Block10 Gateway
191,-37.81119421547326,144.97329173209215,8,1,0,VIC,Block8 Proxy
192,-37.817882989657015,144.95464045200256,9,1,0,VIC,Block9 Proxy
193,-37.81540421380409,144.9725608100607,2,2,169,VIC,Block2 Gateway
194,-37.809538656882154,144.96824808976191,3,2,149,VIC,Block3 Gateway
195,-37.8102499581325,144.95310749178802,12,2,162,VIC,Block12 Gateway
196,-37.82040113055889,144.9623120554963,5,2,58,VIC,Block5 Gateway
197,-37.81237428949928,144.9724794241895,12,2,45,VIC,Block12 Gateway
198,-37.81835239095655,144.97269331057748,6,1,0,VIC,Block6 Proxy
199,-37.81207315438919,144.97103671380373,6,2,21,VIC,Block6 Gateway
200,-37.819340966323686,144.96406460573874,10,2,3,VIC,Block10 Gateway
201,-37.81288163081887,144.9676106931802,9,2,43,VIC,Block9 Gateway
202,-37.81392716879589,144.95334406537378,2,2,84,VIC,Block2 Gateway
203,-37.81318939778325,144.968229973085,12,1,0,VIC,Block12 Proxy
204,-37.81650972239544,144.97110630187336,11,2,88,VIC,Block11 Gateway
205,-37.81859963280078,144.97267617539677,11,2,102,VIC,Block11 Gateway
206,-37.809868135397956,144.9632950789736,12,1,0,VIC,Block12 Proxy
207,-37.81737866625031,144.95296967443065,2,2,138,VIC,Block2 Gateway
208,-37.81774854156236,144.9545109659961,2,1,0,VIC,Block2 Proxy
209,-37.812650133411886,144.9533806288529,6,1,0,VIC,Block6 Proxy
210,-37.816726798836626,144.97126420985353,11,1,0,VIC,Block11 Proxy
211,-37.815588241155815,144.96338614083487,1,1,0,VIC,Block1 Proxy
212,-37.811226600603305,144.96905781271178,10,1,0,VIC,Block10 Proxy
213,-37.811895076471316,144.97471637037978,3,2,189,VIC,Block3 Gateway
214,-37.810798805004275,144.95665470203284,2,2,183,VIC,Block2 Gateway
215,-37.814919321518225,144.95619342031875,9,1,0,VIC,Block9 Proxy
216,-37.81882300006408,144.96772815146954,2,2,20,VIC,Block2 Gateway
217,-37.809084701672454,144.9748404191908,1,1,0,VIC,Block1 Proxy
218,-37.815418495147846,144.9659094981573,2,2,84,VIC,Block2 Gateway
219,-37.81769031666003,144.96403386699228,8,1,0,VIC,Block8 Proxy
220,-37.8197492258545,144.95287095174604,2,1,0,VIC,Block2 Proxy
221,-37.81545401077369,144.96062768772973,3,1,0,VIC,Block3 Proxy
222,-37.81048148450581,144.9556385150652,2,2,93,VIC,Block2 Gateway
223,-37.81884963135093,144.97412837916596,10,2,201,VIC,Block10 Gateway
224,-37.81434561508691,144.96937078386935,2,1,0,VIC,Block2 Proxy
225,-37.81157544281043,144.9527107642746,4,1,0,VIC,Block4 Proxy
226,-37.815120424703885,144.9659085641096,2,1,0,VIC,Block2 Proxy
227,-37.81520844888873,144.95544271090392,2,1,0,VIC,Block2 Proxy
228,-37.814886197552916,144.9707556060661,10,1,0,VIC,Block10 Proxy
229,-37.81301129467901,144.96294661115175,12,2,185,VIC,Block12 Gateway
230,-37.81022292365529,144.97385833629073,6,1,0,VIC,Block6 Proxy
231,-37.82060450316224,144.96909407021175,9,2,126,VIC,Block9 Gateway
232,-37.81377891024869,144.96482722431196,4,2,44,VIC,Block4 Gateway
233,-37.8166291879762,144.95834618788004,4,1,0,VIC,Block4 Proxy
234,-37.81418977290352,144.9705448438958,4,2,67,VIC,Block4 Gateway
235,-37.815572705195,144.97433285111396,3,2,11,VIC,Block3 Gateway
236,-37.81849908387579,144.9554384472583,7,2,78,VIC,Block7 Gateway
237,-37.81928261375786,144.9664965544208,5,2,127,VIC,Block5 Gateway
238,-37.81092950925169,144.97265105167213,2,1,0,VIC,Block2 Proxy
239,-37.814290574589286,144.96093772828527,7,2,156,VIC,Block7 Gateway
240,-37.81911163221192,144.97104888863763,10,1,0,VIC,Block10 Proxy
241,-37.81546894551822,144.96957807847645,3,2,61,VIC,Block3 Gateway
242,-37.81623187487622,144.97542676549241,1,1,0,VIC,Block1 Proxy
243,-37.82014855612727,144.9556210484834,10,1,0,VIC,Block10 Proxy
244,-37.818886974580174,144.97351964963886,7,1,0,VIC,Block7 Proxy
245,-37.81562172575576,144.95247773491133,4,2,146,VIC,Block4 Gateway
246,-37.81949151398446,144.9712758680888,7,2,82,VIC,Block7 Gateway
247,-37.81630911874713,144.96071394885487,10,2,172,VIC,Block10 Gateway
248,-37.82073267991028,144.96652903674067,9,1,0,VIC,Block9 Proxy
249,-37.817412054151504,144.9603479341493,9,2,173,VIC,Block9 Gateway
250,-37.814921436447726,144.97197816060108,4,1,0,VIC,Block4 Proxy
251,-37.81438814498229,144.96159866429247,8,2,231,VIC,Block8 Gateway
252,-37.81696669617741,144.96226934647976,10,2,216,VIC,Block10 Gateway
253,-37.81202718470032,144.9535459461963,3,2,152,VIC,Block3 Gateway
254,-37.819342048581156,144.96916049204495,8,1,0,VIC,Block8 Proxy
255,-37.813618752770815,144.9567102065679,5,1,0,VIC,Block5 Proxy
256,-37.81194401022394,144.96361580121047,7,1,0,VIC,Block7 Proxy
257,-37.81552382412147,144.9641709253003,10,2,176,VIC,Block10 Gateway
258,-37.81472376779447,144.95326602942686,11,1,0,VIC,Block11 Proxy
259,-37.81738603964834,144.9683780395031,8,1,0,VIC,Block8 Proxy
260,-37.820596833810825,144.97146007888384,10,2,211,VIC,Block10 Gateway
261,-37.810379889590095,144.96122707350028,4,2,52,VIC,Block4 Gateway
262,-37.81805909831673,144.97244844782261,11,2,224,VIC,Block11 Gateway
263,-37.81287090560901,144.96067391378008,7,2,134,VIC,Block7 Gateway
264,-37.81432487587197,144.9558986229659,5,2,158,VIC,Block5 Gateway
265,-37.813222352147186,144.97010518949776,12,2,192,VIC,Block12 Gateway
266,-37.817188985511066,144.96193063130593,1,2,129,VIC,Block1 Gateway
267,-37.819663096280706,144.97490057396521,7,1,0,VIC,Block7 Proxy
268,-37.8163897297575,144.96140123221835,2,1,0,VIC,Block2 Proxy
269,-37.81394413543225,144.95697501298176,8,2,229,VIC,Block8 Gateway
270,-37.81428677871031,144.9611899196649,11,1,0,VIC,Block11 Proxy
271,-37.81350532221172,144.97153452730797,12,1,0,VIC,Block12 Proxy
272,-37.81425925782166,144.97428854010244,2,1,0,VIC,Block2 Proxy
273,-37.81313220171298,144.97378548487026,6,1,0,VIC,Block6 Proxy
274,-37.81511879998324,144.97038102455613,2,1,0,VIC,Block2 Proxy
275,-37.81325921296597,144.96983970812587,7,1,0,VIC,Block7 Proxy
276,-37.820169792104366,144.9550739316333,3,2,78,VIC,Block3 Gateway
277,-37.81519581802355,144.96295283966444,12,2,107,VIC,Block12 Gateway
278,-37.81118209672318,144.9620723622483,4,1,0,VIC,Block4 Proxy
279,-37.81350705424749,144.95971174738267,7,1,0,VIC,Block7 Proxy
280,-37.81464334201135,144.97433026610238,5,2,7,VIC,Block5 Gateway
281,-37.817419419666535,144.95891157244355,1,2,140,VIC,Block1 Gateway
282,-37.81299092845628,144.96073081320569,3,2,268,VIC,Block3 Gateway
283,-37.81514739895216,144.97561742359062,6,2,210,VIC,Block6 Gateway
284,-37.809468494257096,144.96908070431377,8,1,0,VIC,Block8 Proxy
285,-37.81804058449971,144.95516713377984,8,2,169,VIC,Block8 Gateway
286,-37.81965822647926,144.95694697532545,9,1,0,VIC,Block9 Proxy
287,-37.81064353856063,144.95305822619582,6,1,0,VIC,Block6 Proxy
288,-37.813971831186905,144.96729990804374,5,1,0,VIC,Block5 Proxy
289,-37.81114171094824,144.95234772863336,3,1,0,VIC,Block3 Proxy
290,-37.813346209538715,144.9739331804803,5,2,53,VIC,Block5 Gateway
291,-37.816978828861146,144.9585068463037,1,1,0,VIC,Block1 Proxy
292,-37.81657072795534,144.97058704165966,3,1,0,VIC,Block3 Proxy
293,-37.81599788454821,144.96862279959154,2,2,184,VIC,Block2 Gateway
294,-37.81402544292139,144.97454603394522,7,1,0,VIC,Block7 Proxy
295,-37.81388096768111,144.96609509489573,4,1,0,VIC,Block4 Proxy
296,-37.812338630337564,144.97440844507517,11,2,102,VIC,Block11 Gateway
297,-37.82023775366735,144.97051939887734,1,1,0,VIC,Block1 Proxy
298,-37.81913934094916,144.9661017788628,2,1,0,VIC,Block2 Proxy
299,-37.818116762105895,144.97210107493567,8,1,0,VIC,Block8 Proxy
300,-37.819369208269656,144.97321692285095,9,2,56,VIC,Block9 Gateway
301,-37.81110346041762,144.95817966035682,11,1,0,VIC,Block11 Proxy
302,-37.818053330465304,144.96659569649302,7,1,0,VIC,Block7 Proxy
303,-37.81690972230219,144.96354345875986,7,1,0,VIC,Block7 Proxy
304,-37.8135196189915,144.95910004587233,12,2,74,VIC,Block12 Gateway
305,-37.81271038167204,144.97318103749564,8,1,0,VIC,Block8 Proxy
306,-37.81733861061203,144.95653188140827,10,2,129,VIC,Block10 Gateway
307,-37.81172306104958,144.97098900881358,2,2,286,VIC,Block2 Gateway
308,-37.8124103054405,144.9562746435683,8,2,3,VIC,Block8 Gateway
309,-37.814973731665276,144.95870477065415,7,2,153,VIC,Block7 Gateway
310,-37.81697406371604,144.97014921110585,12,1,0,VIC,Block12 Proxy
311,-37.812289179915474,144.967755427798,7,1,0,VIC,Block7 Proxy
312,-37.814341175304975,144.9694046561918,1,1,0,VIC,Block1 Proxy
313,-37.81502761288331,144.95544421171024,11,1,0,VIC,Block11 Proxy
314,-37.81784590967192,144.96634019453697,1,1,0,VIC,Block1 Proxy
315,-37.81851298993018,144.96408972056759,9,2,300,VIC,Block9 Gateway
316,-37.815769254393814,144.9595744435433,3,2,292,VIC,Block3 Gateway
317,-37.819803916975374,144.96709759208085,6,1,0,VIC,Block6 Proxy
318,-37.811327601680745,144.96217353489516,7,2,211,VIC,Block7 Gateway
319,-37.817986104135194,144.9557830630438,4,1,0,VIC,Block4 Proxy
320,-37.82026361644713,144.95215700884285,5,2,166,VIC,Block5 Gateway
321,-37.81684734328319,144.96301625855756,4,1,0,VIC,Block4 Proxy
322,-37.80973654134958,144.9721707926045,4,2,252,VIC,Block4 Gateway
323,-37.81750355513567,144.97229697148373,12,1,0,VIC,Block12 Proxy
324,-37.813246289905784,144.97399435686336,10,2,73,VIC,Block10 Gateway
325,-37.81127583050899,144.96489365724346,3,2,22,VIC,Block3 Gateway
326,-37.809828350104674,144.97472997143618,4,2,228,VIC,Block4 Gateway
327,-37.81528328704123,144.95225124634672,1,1,0,VIC,Block1 Proxy
328,-37.81622046222375,144.9746045888105,7,2,83,VIC,Block7 Gateway
329,-37.81428392530267,144.97352895201902,11,2,71,VIC,Block11 Gateway
330,-37.81910753028782,144.9570832524398,7,2,9,VIC,Block7 Gateway
331,-37.81543542050458,144.9685797123455,11,2,34,VIC,Block11 Gateway
332,-37.81902196111194,144.96839964405262,2,1,0,VIC,Block2 Proxy
333,-37.811858591029505,144.9729786207055,9,2,37,VIC,Block9 Gateway
334,-37.81947983699291,144.95963210898705,8,2,162,VIC,Block8 Gateway
335,-37.809601994738635,144.95898329830854,2,2,191,VIC,Block2 Gateway
336,-37.8180657225782,144.97048472219603,10,1,0,VIC,Block10 Proxy
337,-37.812480564675965,144.95878241699333,5,2,219,VIC,Block5 Gateway
338,-37.80982429682164,144.97033582457217,12,2,90,VIC,Block12 Gateway
339,-37.81075071751614,144.9701885729477,3,1,0,VIC,Block3 Proxy
340,-37.81409417922846,144.96363459596523,9,2,201,VIC,Block9 Gateway
341,-37.81351533790294,144.96928655295662,2,1,0,VIC,Block2 Proxy
342,-37.809976313227594,144.96710478509223,1,1,0,VIC,Block1 Proxy
343,-37.811685063026964,144.9574689568056,1,2,35,VIC,Block1 Gateway
344,-37.81891772802553,144.97195000421303,1,1,0,VIC,Block1 Proxy
345,-37.81796520813913,144.9551418321723,6,2,171,VIC,Block6 Gateway
346,-37.811887825576044,144.9570628407962,12,2,281,VIC,Block12 Gateway
347,-37.814795936252686,144.9665891221812,3,2,228,VIC,Block3 Gateway
348,-37.814479897395955,144.95493938327382,11,2,223,VIC,Block11 Gateway
349,-37.81250929882398,144.95752088853902,8,2,187,VIC,Block8 Gateway
350,-37.80940781027464,144.96185253155738,12,2,249,VIC,Block12 Gateway
351,-37.81776979049758,144.97305377152094,8,2,264,VIC,Block8 Gateway
352,-37.81574744821034,144.96188855757296,10,1,0,VIC,Block10 Proxy
353,-37.81707616468454,144.9708569846432,12,1,0,VIC,Block12 Proxy
354,-37.81403352689647,144.96518607240506,9,2,19,VIC,Block9 Gateway
355,-37.80940687597537,144.95241364219353,1,2,292,VIC,Block1 Gateway
356,-37.81289257496153,144.9718218984579,9,2,122,VIC,Block9 Gateway
357,-37.81584919195619,144.95435104797775,9,2,352,VIC,Block9 Gateway
358,-37.818176541467466,144.95248251185322,9,1,0,VIC,Block9 Proxy
359,-37.809901773002096,144.960234708676,7,1,0,VIC,Block7 Proxy
360,-37.815089086966346,144.9664379205452,3,2,264,VIC,Block3 Gateway
361,-37.81575127232172,144.96893598679856,9,2,133,VIC,Block9 Gateway
362,-37.81463187247662,144.96603754688195,10,2,257,VIC,Block10 Gateway
363,-37.81261350603469,144.95982712092444,3,2,351,VIC,Block3 Gateway
364,-37.81223038498686,144.9743896444003,5,1,0,VIC,Block5 Proxy
365,-37.809425613658206,144.95387662283326,2,2,213,VIC,Block2 Gateway
366,-37.8128262119286,144.96716001097508,2,2,113,VIC,Block2 Gateway
367,-37.814360469482445,144.95325384419843,10,1,0,VIC,Block10 Proxy
368,-37.81851201586868,144.9525070734063,6,2,133,VIC,Block6 Gateway
369,-37.80994358536371,144.97383534302017,9,1,0,VIC,Block9 Proxy
370,-37.815965018657934,144.96375110740217,1,1,0,VIC,Block1 Proxy
371,-37.8169088470267,144.96985402383427,2,1,0,VIC,Block2 Proxy
372,-37.81415418657886,144.97530979318444,4,1,0,VIC,Block4 Proxy
373,-37.81072273501937,144.97543499293218,7,2,235,VIC,Block7 Gateway
374,-37.81190920917269,144.9570716759718,4,2,372,VIC,Block4 Gateway
375,-37.81740284341841,144.9548376603308,7,1,0,VIC,Block7 Proxy
376,-37.81300360947957,144.95795221015428,11,2,142,VIC,Block11 Gateway
377,-37.81820700284331,144.95218547614505,2,1,0,VIC,Block2 Proxy
378,-37.80960162475483,144.96363795634204,7,1,0,VIC,Block7 Proxy
379,-37.81390436000758,144.9625866133628,3,1,0,VIC,Block3 Proxy
380,-37.81900512462845,144.96055439164772,2,1,0,VIC,Block2 Proxy
381,-37.81700848465541,144.9747437183941,6,1,0,VIC,Block6 Proxy
382,-37.81797754113603,144.96659051631678,6,2,74,VIC,Block6 Gateway
383,-37.81158972859895,144.9641689028744,8,2,89,VIC,Block8 Gateway
384,-37.810086362634344,144.9718094120732,4,2,116,VIC,Block4 Gateway
385,-37.813269598867684,144.96540011217573,2,1,0,VIC,Block2 Proxy
386,-37.81656143608829,144.95739183267477,9,2,352,VIC,Block9 Gateway
387,-37.81828981542926,144.9737893071471,1,2,32,VIC,Block1 Gateway
388,-37.809455047477655,144.9578563773478,8,2,200,VIC,Block8 Gateway
389,-37.81528438271598,144.96864208064002,4,2,107,VIC,Block4 Gateway
390,-37.819337347356566,144.9570344397639,1,1,0,VIC,Block1 Proxy
391,-37.814811434905984,144.96614928869914,5,1,0,VIC,Block5 Proxy
392,-37.818376829766464,144.95204231040722,10,2,383,VIC,Block10 Gateway
393,-37.81084760712811,144.9568126466294,12,1,0,VIC,Block12 Proxy
394,-37.81298511657269,144.97324469136933,8,2,52,VIC,Block8 Gateway
395,-37.81296921094168,144.96052768914657,11,1,0,VIC,Block11 Proxy
396,-37.81845466949415,144.96034022559576,12,1,0,VIC,Block12 Proxy
397,-37.815381456749314,144.9658671599616,4,2,205,VIC,Block4 Gateway
398,-37.81185735493752,144.95695337533255,4,2,154,VIC,Block4 Gateway
399,-37.81988280451405,144.9660917782667,7,1,0,VIC,Block7 Proxy
400,-37.81404311027488,144.96368314629368,4,1,0,VIC,Block4 Proxy
401,-37.81584060225791,144.95876708334188,3,2,15,VIC,Block3 Gateway
402,-37.819508893485946,144.97190743625106,9,1,0,VIC,Block9 Proxy
403,-37.818972615793776,144.9542622297117,5,2,166,VIC,Block5 Gateway
404,-37.810454198815634,144.96601210996985,7,2,374,VIC,Block7 Gateway
405,-37.81302420216683,144.95399462481504,9,1,0,VIC,Block9 Proxy
406,-37.81580117901381,144.95326760150488,4,2,80,VIC,Block4 Gateway
407,-37.81894125961102,144.96495709047622,4,1,0,VIC,Block4 Proxy
408,-37.814784152417594,144.96173801429543,12,2,18,VIC,Block12 Gateway
409,-37.81519941132581,144.9603165212426,7,2,96,VIC,Block7 Gateway
410,-37.81369146253615,144.96472798001668,12,2,270,VIC,Block12 Gateway
411,-37.81718905648745,144.95811660607202,11,2,377,VIC,Block11 Gateway
412,-37.811717993825674,144.95617490237385,11,1,0,VIC,Block11 Proxy
413,-37.81412362846689,144.97167321957286,1,2,37,VIC,Block1 Gateway
414,-37.812333422804585,144.96848471665888,2,2,329,VIC,Block2 Gateway
415,-37.811900384176745,144.9557730672182,9,2,269,VIC,Block9 Gateway
416,-37.81863754562987,144.96231283262392,10,1,0,VIC,Block10 Proxy
417,-37.80918968139557,144.96317608021846,7,1,0,VIC,Block7 Proxy
418,-37.81107285389698,144.9716812749693,5,2,49,VIC,Block5 Gateway
419,-37.81304181807081,144.95495148363145,8,1,0,VIC,Block8 Proxy
420,-37.817475304081775,144.96004798643267,8,1,0,VIC,Block8 Proxy
421,-37.81123006881408,144.96337221307627,8,1,0,VIC,Block8 Proxy
422,-37.81576384480372,144.965529955452,8,1,0,VIC,Block8 Proxy
423,-37.817115684796754,144.96680819480645,3,2,36,VIC,Block3 Gateway
424,-37.81202347506061,144.95510879643322,4,1,0,VIC,Block4 Proxy
425,-37.81215142710151,144.96713649602606,12,2,269,VIC,Block12 Gateway
426,-37.8092526390655,144.96778605612928,12,1,0,VIC,Block12 Proxy
427,-37.81297736621772,144.9647090814846,5,2,282,VIC,Block5 Gateway
428,-37.81582582169501,144.96991226651673,4,1,0,VIC,Block4 Proxy
429,-37.812370313212625,144.9550979688568,2,1,0,VIC,Block2 Proxy
430,-37.81102146631998,144.9612920182686,8,2,296,VIC,Block8 Gateway
431,-37.820192083565104,144.95510004834364,10,2,342,VIC,Block10 Gateway
432,-37.81938594662771,144.9564127344005,12,1,0,VIC,Block12 Proxy
433,-37.81805331465934,144.9696984369425,4,1,0,VIC,Block4 Proxy
434,-37.81019381737829,144.9538445846685,12,1,0,VIC,Block12 Proxy
435,-37.815102560740826,144.97305137403131,8,2,153,VIC,Block8 Gateway
436,-37.809808238924624,144.957447369657,6,2,62,VIC,Block6 Gateway
437,-37.81319292617651,144.95736402883892,12,1,0,VIC,Block12 Proxy
438,-37.8111930935732,144.96360898304331,11,1,0,VIC,Block11 Proxy
439,-37.81461725582706,144.9631318050548,9,2,292,VIC,Block9 Gateway
440,-37.81336029072819,144.95526653211851,11,2,62,VIC,Block11 Gateway
441,-37.813636793738446,144.96146423340218,1,1,0,VIC,Block1 Proxy
442,-37.82028424306584,144.9745672271532,7,2,332,VIC,Block7 Gateway
443,-37.81791776435485,144.96873418941468,12,2,191,VIC,Block12 Gateway
444,-37.81425799122402,144.96262045005392,12,1,0,VIC,Block12 Proxy
445,-37.82048276114236,144.96060377116333,1,1,0,VIC,Block1 Proxy
446,-37.809979805381396,144.96136632079606,1,1,0,VIC,Block1 Proxy
447,-37.81419727635107,144.96626960451658,6,1,0,VIC,Block6 Proxy
448,-37.81742718603052,144.9547885921324,9,1,0,VIC,Block9 Proxy
449,-37.81517583491332,144.96630251357405,10,1,0,VIC,Block10 Proxy
450,-37.81875053658395,144.95604474611943,1,1,0,VIC,Block1 Proxy
451,-37.813776562594185,144.97543425604,1,2,278,VIC,Block1 Gateway
452,-37.81686152618846,144.9598035020737,4,1,0,VIC,Block4 Proxy
453,-37.812217821433755,144.9749521397695,10,2,189,VIC,Block10 Gateway
454,-37.81998016255367,144.964282791892,4,1,0,VIC,Block4 Proxy
455,-37.81240729695693,144.9587175322093,4,1,0,VIC,Block4 Proxy
456,-37.817494586695815,144.96223194343713,2,1,0,VIC,Block2 Proxy
457,-37.815179689537736,144.96050116943204,2,2,87,VIC,Block2 Gateway
458,-37.81428144138916,144.9526882381727,10,1,0,VIC,Block10 Proxy
459,-37.81725062398399,144.96625756623814,7,1,0,VIC,Block7 Proxy
460,-37.80923502373462,144.9702316444804,1,2,428,VIC,Block1 Gateway
461,-37.81038526501562,144.96457186504372,3,1,0,VIC,Block3 Proxy
462,-37.809066628174,144.95363429261513,5,2,282,VIC,Block5 Gateway
463,-37.810748279391134,144.96748365779334,6,1,0,VIC,Block6 Proxy
464,-37.81656469267088,144.9703108893717,6,1,0,VIC,Block6 Proxy
465,-37.81998916116277,144.96499602067507,6,1,0,VIC,Block6 Proxy
466,-37.815396237340295,144.9752538266023,11,2,450,VIC,Block11 Gateway
467,-37.81499714211344,144.96594518101676,4,2,130,VIC,Block4 Gateway
468,-37.80995293666931,144.9540546305792,1,2,291,VIC,Block1 Gateway
469,-37.81291058434306,144.96998173520288,10,2,184,VIC,Block10 Gateway
470,-37.81851977182395,144.9674764046272,7,2,218,VIC,Block7 Gateway
471,-37.81131870404291,144.9708417797063,12,1,0,VIC,Block12 Proxy
472,-37.80924566159375,144.95803403266927,11,1,0,VIC,Block11 Proxy
473,-37.81771756442573,144.9745156784209,11,2,71,VIC,Block11 Gateway
474,-37.81571836017825,144.96908595294943,10,2,109,VIC,Block10 Gateway
475,-37.81881418535488,144.97126951249624,3,2,369,VIC,Block3 Gateway
476,-37.81012232178539,144.95209523199898,12,1,0,VIC,Block12 Proxy
477,-37.81076448549154,144.96802165514984,4,2,33,VIC,Block4 Gateway
478,-37.810568122544375,144.9574595492765,5,2,91,VIC,Block5 Gateway
479,-37.817894021185346,144.97403051508846,9,1,0,VIC,Block9 Proxy
480,-37.81989969073726,144.9595990190859,9,2,142,VIC,Block9 Gateway
481,-37.81827803404125,144.95813414911873,11,2,473,VIC,Block11 Gateway
482,-37.81268588373439,144.96130863647852,5,1,0,VIC,Block5 Proxy
483,-37.8187482697764,144.96027924172537,3,1,0,VIC,Block3 Proxy
484,-37.815928652750316,144.97032987473705,2,2,120,VIC,Block2 Gateway
485,-37.81300852112549,144.97279674675698,1,1,0,VIC,Block1 Proxy
486,-37.809172260714654,144.9553542657096,7,2,177,VIC,Block7 Gateway
487,-37.818723701101725,144.9575443436342,2,2,387,VIC,Block2 Gateway
488,-37.81343380345042,144.95893357278274,6,2,44,VIC,Block6 Gateway
489,-37.81085142446077,144.96128009865308,3,1,0,VIC,Block3 Proxy
490,-37.81595213390333,144.958810192484,1,1,0,VIC,Block1 Proxy
491,-37.819043143860014,144.95784577816863,6,1,0,VIC,Block6 Proxy
492,-37.80988927731506,144.96529088093652,12,2,235,VIC,Block12 Gateway
493,-37.81941961641835,144.95927012019155,12,1,0,VIC,Block12 Proxy
494,-37.81201306867342,144.95782240853416,12,2,442,VIC,Block12 Gateway
495,-37.814912448578035,144.96115921848875,2,2,42,VIC,Block2 Gateway
496,-37.811398565782895,144.96633408245495,7,2,83,VIC,Block7 Gateway
497,-37.81568876830457,144.97245588179047,8,2,46,VIC,Block8 Gateway
498,-37.819585126912564,144.96001651541067,9,2,482,VIC,Block9 Gateway
499,-37.817933612353556,144.96600443748872,5,1,0,VIC,Block5 Proxy
500,-37.81873638659787,144.9535296457015,2,1,0,VIC,Block2 Proxy
501,-37.81386969621034,144.95386019003325,5,2,264,VIC,Block5 Gateway
502,-37.820466446853416,144.97251905574385,8,2,77,VIC,Block8 Gateway
503,-37.81193141011731,144.96844609143122,2,2,32,VIC,Block2 Gateway
504,-37.819978345606394,144.97409882324638,7,1,0,VIC,Block7 Proxy
505,-37.81766182201328,144.96912629556056,3,1,0,VIC,Block3 Proxy
506,-37.810027531723975,144.95541501932635,1,2,354,VIC,Block1 Gateway
507,-37.82035973218236,144.97273226829512,5,1,0,VIC,Block5 Proxy
508,-37.80969938723431,144.9533345042798,5,1,0,VIC,Block5 Proxy
509,-37.81111450012382,144.9735590208971,3,1,0,VIC,Block3 Proxy
510,-37.81332532676638,144.97171074469816,7,1,0,VIC,Block7 Proxy
511,-37.814133476950985,144.96419467454618,5,2,214,VIC,Block5 Gateway
512,-37.81932504440008,144.95644873646955,11,1,0,VIC,Block11 Proxy
513,-37.815597729999475,144.96654132519978,7,1,0,VIC,Block7 Proxy
514,-37.810707690562005,144.9546496113741,2,2,311,VIC,Block2 Gateway
515,-37.814060534501714,144.96170452891764,12,1,0,VIC,Block12 Proxy
516,-37.81769826050994,144.95833076764768,4,2,150,VIC,Block4 Gateway
517,-37.820673412977264,144.95999994113757,5,2,162,VIC,Block5 Gateway
518,-37.81677762990897,144.9613078294856,7,2,268,VIC,Block7 Gateway
519,-37.81119535364716,144.9755495961456,6,2,213,VIC,Block6 Gateway
520,-37.81037143509508,144.97382223108767,11,2,68,VIC,Block11 Gateway
521,-37.81731958279256,144.96333031170465,8,2,91,VIC,Block8 Gateway
522,-37.811866497739864,144.9538323181396,8,2,394,VIC,Block8 Gateway
523,-37.815235371434014,144.9628248122683,6,2,514,VIC,Block6 Gateway
524,-37.811766197319244,144.96785584554047,10,1,0,VIC,Block10 Proxy
525,-37.8196986272884,144.9747207896082,12,2,346,VIC,Block12 Gateway
526,-37.80919322904294,144.95399185546572,2,2,91,VIC,Block2 Gateway
527,-37.820455328320335,144.9570660199501,6,2,124,VIC,Block6 Gateway
528,-37.816232003675545,144.9648042372905,1,1,0,VIC,Block1 Proxy
529,-37.81009975217407,144.95445130837902,11,1,0,VIC,Block11 Proxy
530,-37.81374662042713,144.9723125011493,2,2,113,VIC,Block2 Gateway
531,-37.81173662351702,144.9541469274068,9,1,0,VIC,Block9 Proxy
532,-37.81883951757057,144.96972692695803,11,1,0,VIC,Block11 Proxy
533,-37.81276638285962,144.974838119104,3,2,439,VIC,Block3 Gateway
534,-37.81512469659083,144.96324911842217,4,1,0,VIC,Block4 Proxy
535,-37.810781454398246,144.9739209322132,2,1,0,VIC,Block2 Proxy
536,-37.81526778151999,144.97236830027143,11,2,473,VIC,Block11 Gateway
537,-37.81769593001053,144.96119221168192,11,1,0,VIC,Block11 Proxy
538,-37.81850358004996,144.95747819741962,5,2,465,VIC,Block5 Gateway
539,-37.814533180450574,144.9717259308499,2,1,0,VIC,Block2 Proxy
540,-37.816087424983415,144.9728356960398,7,1,0,VIC,Block7 Proxy
541,-37.81017179633203,144.95807771788813,3,1,0,VIC,Block3 Proxy
542,-37.809535866496965,144.9625633439997,10,2,221,VIC,Block10 Gateway
543,-37.819825173800645,144.97410268686454,3,2,176,VIC,Block3 Gateway
544,-37.81128548027989,144.9668030760568,3,2,107,VIC,Block3 Gateway
545,-37.81383900299694,144.9593611123733,11,2,17,VIC,Block11 Gateway
546,-37.81518145786868,144.95234417966705,10,2,283,VIC,Block10 Gateway
547,-37.81780561553153,144.96441043013417,12,2,137,VIC,Block12 Gateway
548,-37.81700917121955,144.97345246558916,4,2,105,VIC,Block4 Gateway
549,-37.814918264878436,144.97321947169806,7,2,329,VIC,Block7 Gateway
550,-37.81512475351271,144.96281882517113,7,1,0,VIC,Block7 Proxy
551,-37.814539240258014,144.9721169615812,1,1,0,VIC,Block1 Proxy
552,-37.8118809778583,144.970103729663,3,1,0,VIC,Block3 Proxy
553,-37.80974326203178,144.9643663896251,12,1,0,VIC,Block12 Proxy
554,-37.811520536972225,144.95768073964547,8,1,0,VIC,Block8 Proxy
555,-37.81045656834688,144.96586726755575,12,1,0,VIC,Block12 Proxy
556,-37.82008152550401,144.95772398320887,10,2,98,VIC,Block10 Gateway
557,-37.813650018548245,144.95423155333972,11,1,0,VIC,Block11 Proxy
558,-37.818607711572675,144.95695729344536,10,1,0,VIC,Block10 Proxy
559,-37.813026270636676,144.96547111373212,1,2,291,VIC,Block1 Gateway
560,-37.81529847336439,144.97369240660115,8,2,195,VIC,Block8 Gateway
561,-37.81906793655639,144.9603647239129,8,2,486,VIC,Block8 Gateway
562,-37.813290404942705,144.96651714019234,1,2,560,VIC,Block1 Gateway
563,-37.81539770365665,144.95477761842028,1,1,0,VIC,Block1 Proxy
564,-37.81635052166612,144.96101599684906,4,2,335,VIC,Block4 Gateway
565,-37.81752552448032,144.9520917652416,4,1,0,VIC,Block4 Proxy
566,-37.82026690559894,144.96666230366026,7,1,0,VIC,Block7 Proxy
567,-37.820070084791496,144.95654774772873,6,1,0,VIC,Block6 Proxy
568,-37.82006816136466,144.95514289464361,11,2,224,VIC,Block11 Gateway
569,-37.81565420581038,144.96208650270634,12,1,0,VIC,Block12 Proxy
570,-37.81613104607617,144.95522282220597,6,2,296,VIC,Block6 Gateway
571,-37.80984164325786,144.95649109504646,6,1,0,VIC,Block6 Proxy
572,-37.81185633801843,144.96839956081172,10,1,0,VIC,Block10 Proxy
573,-37.81189823814973,144.9607519467877,4,1,0,VIC,Block4 Proxy
574,-37.816775859874184,144.9636856618292,10,1,0,VIC,Block10 Proxy
575,-37.81785993100769,144.95362115789243,3,2,236,VIC,Block3 Gateway
576,-37.81697890968014,144.9557262004554,1,2,291,VIC,Block1 Gateway
577,-37.81893721815805,144.95872437882844,6,1,0,VIC,Block6 Proxy
578,-37.81731484762032,144.97443120155074,11,1,0,VIC,Block11 Proxy
579,-37.81899833198127,144.96040017467075,4,2,227,VIC,Block4 Gateway
580,-37.81807122994565,144.95853069149868,9,2,134,VIC,Block9 Gateway
581,-37.8190462872951,144.9583928085196,11,2,475,VIC,Block11 Gateway
582,-37.81538982843033,144.95816998031086,11,2,152,VIC,Block11 Gateway
583,-37.81031701220353,144.96691074600676,10,2,97,VIC,Block10 Gateway
584,-37.81835112444949,144.95256866214177,11,1,0,VIC,Block11 Proxy
585,-37.81416416866307,144.96219320303965,8,2,99,VIC,Block8 Gateway
586,-37.814417069098475,144.9628159679512,9,2,31,VIC,Block9 Gateway
587,-37.8181957544405,144.97334010412584,8,2,133,VIC,Block8 Gateway
588,-37.81602095390784,144.96839250741968,10,2,106,VIC,Block10 Gateway
589,-37.81876706114234,144.96001511371392,9,2,113,VIC,Block9 Gateway
590,-37.81951837389457,144.9736842257768,7,1,0,VIC,Block7 Proxy
591,-37.813982738997375,144.97325233627706,4,1,0,VIC,Block4 Proxy
592,-37.81830894211733,144.97077007606325,4,2,207,VIC,Block4 Gateway
593,-37.81953161372483,144.95502753359278,2,2,185,VIC,Block2 Gateway
594,-37.8183753797072,144.95292142933582,6,1,0,VIC,Block6 Proxy
595,-37.812594319261144,144.96019780823605,5,2,76,VIC,Block5 Gateway
596,-37.81719572913683,144.9554204654699,4,1,0,VIC,Block4 Proxy
597,-37.8115084249732,144.97332777627142,5,2,184,VIC,Block5 Gateway
598,-37.81993431332135,144.9593555199967,2,2,141,VIC,Block2 Gateway
599,-37.81576810838632,144.9664950056524,4,2,333,VIC,Block4 Gateway
600,-37.81149672049658,144.95348828835048,1,2,469,VIC,Block1 Gateway
601,-37.81822661874166,144.96579881458655,4,2,259,VIC,Block4 Gateway
602,-37.81676121675392,144.95479425325456,8,1,0,VIC,Block8 Proxy
603,-37.81535650157662,144.9700869522582,11,1,0,VIC,Block11 Proxy
604,-37.81879155700662,144.9570600826334,9,2,127,VIC,Block9 Gateway
605,-37.810192717932125,144.953133015126,7,2,558,VIC,Block7 Gateway
606,-37.810100024141676,144.96322231473434,3,2,111,VIC,Block3 Gateway
607,-37.82001665803276,144.96290188946645,9,1,0,VIC,Block9 Proxy
608,-37.81807055078001,144.9725801296074,1,1,0,VIC,Block1 Proxy
609,-37.82027769773089,144.97115797883433,9,1,0,VIC,Block9 Proxy
610,-37.814940199769715,144.9533739867445,5,2,160,VIC,Block5 Gateway
611,-37.81653980821932,144.95254497096184,7,1,0,VIC,Block7 Proxy
612,-37.816669329690214,144.95351631691926,8,1,0,VIC,Block8 Proxy
613,-37.82039152934763,144.962568825625,2,1,0,VIC,Block2 Proxy
614,-37.81366143384855,144.95920516674755,8,1,0,VIC,Block8 Proxy
615,-37.81046315119828,144.9739814177057,4,2,116,VIC,Block4 Gateway
616,-37.81690602056529,144.97146447114022,4,1,0,VIC,Block4 Proxy
617,-37.81411486165127,144.95411704963496,12,1,0,VIC,Block12 Proxy
618,-37.81558407943646,144.97101643390485,9,1,0,VIC,Block9 Proxy
619,-37.81045557529854,144.9691410690562,4,1,0,VIC,Block4 Proxy
620,-37.81815951100746,144.97551382838307,10,2,265,VIC,Block10 Gateway
621,-37.81138261848612,144.96883331641794,8,1,0,VIC,Block8 Proxy
622,-37.81612555297082,144.96522551091513,5,1,0,VIC,Block5 Proxy
623,-37.81127685499357,144.95210375239378,8,2,535,VIC,Block8 Gateway
624,-37.81532361263203,144.973240792115,3,2,591,VIC,Block3 Gateway
625,-37.81398364264212,144.95272156013894,5,2,466,VIC,Block5 Gateway
626,-37.82014048714392,144.96161302913623,5,1,0,VIC,Block5 Proxy
627,-37.81504048094971,144.96063823273732,12,1,0,VIC,Block12 Proxy
628,-37.813755137979236,144.95382276380235,2,1,0,VIC,Block2 Proxy
629,-37.818458521517066,144.95236279011885,7,2,340,VIC,Block7 Gateway
630,-37.809709177636826,144.97456827920612,5,2,94,VIC,Block5 Gateway
631,-37.81110399993883,144.96998362163282,4,1,0,VIC,Block4 Proxy
632,-37.814010074075675,144.95680661524275,6,1,0,VIC,Block6 Proxy
633,-37.81657771283825,144.96249223786802,10,2,374,VIC,Block10 Gateway
634,-37.811631289122055,144.9536687869998,9,1,0,VIC,Block9 Proxy
635,-37.81153175548561,144.95428550294108,6,1,0,VIC,Block6 Proxy
636,-37.81883081491548,144.9564917474721,3,2,596,VIC,Block3 Gateway
637,-37.817439125806445,144.9709249753688,9,1,0,VIC,Block9 Proxy
638,-37.816778891745294,144.9621045143865,9,1,0,VIC,Block9 Proxy
639,-37.82020491336489,144.95222003282026,7,2,87,VIC,Block7 Gateway
640,-37.814948175815694,144.96266683183165,10,1,0,VIC,Block10 Proxy
641,-37.81174743094917,144.9622048726879,10,1,0,VIC,Block10 Proxy
642,-37.81613276419683,144.96522511900884,8,2,242,VIC,Block8 Gateway
643,-37.810905839629456,144.95447983427835,3,2,412,VIC,Block3 Gateway
644,-37.81222473189413,144.97342145869965,10,2,216,VIC,Block10 Gateway
645,-37.8112653225801,144.95779684797512,7,1,0,VIC,Block7 Proxy
646,-37.81935023286283,144.96175593491878,8,2,516,VIC,Block8 Gateway
647,-37.81055771256489,144.96414539949544,4,1,0,VIC,Block4 Proxy
648,-37.819512786241454,144.97447674003874,12,2,266,VIC,Block12 Gateway
649,-37.8164207529801,144.96538569318673,10,2,164,VIC,Block10 Gateway
650,-37.81061932206738,144.9727154161267,6,1,0,VIC,Block6 Proxy
651,-37.815130341983874,144.96517529727865,2,1,0,VIC,Block2 Proxy
652,-37.81202530326999,144.9569347326901,7,1,0,VIC,Block7 Proxy
653,-37.819376184746815,144.97444330423372,7,2,647,VIC,Block7 Gateway
654,-37.81237043420779,144.97421225842916,8,2,384,VIC,Block8 Gateway
655,-37.811531704689216,144.95819503266483,4,2,77,VIC,Block4 Gateway
656,-37.81918392787197,144.9632087882861,8,1,0,VIC,Block8 Proxy
657,-37.81558031625186,144.9692161736545,6,2,589,VIC,Block6 Gateway
658,-37.81207644121966,144.96925497864478,4,2,118,VIC,Block4 Gateway
659,-37.813156760316716,144.96343027353697,10,1,0,VIC,Block10 Proxy
660,-37.810509446907346,144.95296680870177,12,1,0,VIC,Block12 Proxy
661,-37.80963938303843,144.96048294826883,8,2,568,VIC,Block8 Gateway
662,-37.818636280089315,144.95456991818074,7,2,353,VIC,Block7 Gateway
663,-37.81329084583569,144.95523682752852,12,1,0,VIC,Block12 Proxy
664,-37.81596385344075,144.96481556024776,1,1,0,VIC,Block1 Proxy
665,-37.8184493629543,144.95671991008763,6,2,90,VIC,Block6 Gateway
666,-37.81873252408938,144.95836994880125,5,1,0,VIC,Block5 Proxy
667,-37.81481446201337,144.97170323143374,9,1,0,VIC,Block9 Proxy
668,-37.817087813431755,144.97299249681984,1,1,0,VIC,Block1 Proxy
669,-37.81356491473067,144.9660167927754,7,2,66,VIC,Block7 Gateway
670,-37.81577531041284,144.95710878230227,2,1,0,VIC,Block2 Proxy
671,-37.816798537606786,144.97439503328016,1,2,80,VIC,Block1 Gateway
672,-37.81816365956023,144.95297888734797,1,1,0,VIC,Block1 Proxy
673,-37.81703795755362,144.97566340887164,9,2,265,VIC,Block9 Gateway
674,-37.820720502722516,144.9603554478392,2,2,29,VIC,Block2 Gateway
675,-37.81346147791446,144.9623996257893,1,2,489,VIC,Block1 Gateway
676,-37.8168050813733,144.9601416829216,8,2,548,VIC,Block8 Gateway
677,-37.819474559677175,144.95622490275449,3,1,0,VIC,Block3 Proxy
678,-37.817231794450564,144.97403514270894,11,2,402,VIC,Block11 Gateway
679,-37.809450431016714,144.95506842426605,11,1,0,VIC,Block11 Proxy
680,-37.81600084655295,144.9647137410355,12,1,0,VIC,Block12 Proxy
681,-37.82068988163982,144.96092048795146,11,1,0,VIC,Block11 Proxy
682,-37.809057756198726,144.96891507974496,2,2,468,VIC,Block2 Gateway
683,-37.817859182016505,144.9671556721911,4,2,366,VIC,Block4 Gateway
684,-37.81891893323937,144.96899286600237,2,2,502,VIC,Block2 Gateway
685,-37.815764672416854,144.97448543731286,2,2,493,VIC,Block2 Gateway
686,-37.819939945365896,144.9582002042171,9,1,0,VIC,Block9 Proxy
687,-37.81563928502249,144.96431137370553,11,2,411,VIC,Block11 Gateway
688,-37.80988757757537,144.9747034288659,4,2,224,VIC,Block4 Gateway
689,-37.81087194849536,144.97304940330534,9,1,0,VIC,Block9 Proxy
690,-37.81338249398201,144.95612296728578,6,2,315,VIC,Block6 Gateway
691,-37.816639555501396,144.95701850856156,5,2,436,VIC,Block5 Gateway
692,-37.81178891053978,144.97378334855182,9,2,232,VIC,Block9 Gateway
693,-37.81659831773263,144.97506677815386,4,2,681,VIC,Block4 Gateway
694,-37.814683482918056,144.9597064109777,4,2,34,VIC,Block4 Gateway
695,-37.82005819503469,144.96167624190755,5,2,384,VIC,Block5 Gateway
696,-37.81091955174891,144.9730610721355,10,2,267,VIC,Block10 Gateway
697,-37.81955469547255,144.975129674051,8,2,493,VIC,Block8 Gateway
698,-37.81262995919398,144.96487584682515,3,1,0,VIC,Block3 Proxy
699,-37.81902702122737,144.9546428948127,5,2,639,VIC,Block5 Gateway
700,-37.82069781727895,144.9545107637276,12,2,660,VIC,Block12 Gateway
701,-37.814843494063524,144.955332390369,8,1,0,VIC,Block8 Proxy
702,-37.820359339646345,144.9662382707887,5,1,0,VIC,Block5 Proxy
703,-37.812822533125725,144.97134558554635,5,1,0,VIC,Block5 Proxy
704,-37.81145387641438,144.96178418800406,2,2,301,VIC,Block2 Gateway
705,-37.816351616209765,144.95805568302958,12,2,558,VIC,Block12 Gateway
706,-37.81099810646894,144.95880918134077,11,2,546,VIC,Block11 Gateway
707,-37.81768936591897,144.96587420200052,2,2,581,VIC,Block2 Gateway
708,-37.81904681344341,144.97414156873745,11,2,612,VIC,Block11 Gateway
709,-37.81327120636099,144.96754643171755,5,2,162,VIC,Block5 Gateway
710,-37.80932107950835,144.9744391869845,2,1,0,VIC,Block2 Proxy
711,-37.81867880956886,144.96415717356774,12,2,288,VIC,Block12 Gateway
712,-37.81327390209588,144.97065173477455,4,1,0,VIC,Block4 Proxy
713,-37.81492219920975,144.9541836356326,8,2,617,VIC,Block8 Gateway
714,-37.81524682491652,144.95411763811083,11,2,451,VIC,Block11 Gateway
715,-37.81667074027786,144.9558161389246,2,1,0,VIC,Block2 Proxy
716,-37.81342745779812,144.96710976850795,10,2,354,VIC,Block10 Gateway
717,-37.816362460463225,144.97311574785456,12,1,0,VIC,Block12 Proxy
718,-37.8174420238886,144.97355376883132,5,1,0,VIC,Block5 Proxy
719,-37.81813440058498,144.95379230433267,5,1,0,VIC,Block5 Proxy
720,-37.815032612119786,144.97188435806322,9,2,582,VIC,Block9 Gateway
721,-37.811693131077405,144.96137109739814,8,1,0,VIC,Block8 Proxy
722,-37.81939879579071,144.96474811664396,1,1,0,VIC,Block1 Proxy
723,-37.81374528405491,144.97007703612653,10,1,0,VIC,Block10 Proxy
724,-37.81952655626117,144.96220761567983,6,2,197,VIC,Block6 Gateway
725,-37.81237434501746,144.96892105080636,12,1,0,VIC,Block12 Proxy
726,-37.81114967467192,144.95409047955067,11,1,0,VIC,Block11 Proxy
727,-37.809917108461,144.97433911120007,11,1,0,VIC,Block11 Proxy
728,-37.81064024464867,144.95264948931685,12,2,272,VIC,Block12 Gateway
729,-37.81402480451649,144.96404295268493,1,1,0,VIC,Block1 Proxy
730,-37.81510459478209,144.9687352319346,7,1,0,VIC,Block7 Proxy
731,-37.81116074406273,144.96374142696345,11,1,0,VIC,Block11 Proxy
732,-37.814021276941396,144.96559996549803,8,1,0,VIC,Block8 Proxy
733,-37.81322729965069,144.9539954379283,12,1,0,VIC,Block12 Proxy
734,-37.81411822252335,144.9654573050224,10,2,529,VIC,Block10 Gateway
735,-37.80964212872549,144.9548566264273,12,1,0,VIC,Block12 Proxy
736,-37.81612524877155,144.95605014285968,8,1,0,VIC,Block8 Proxy
737,-37.8188124934563,144.96255568975664,11,2,189,VIC,Block11 Gateway
738,-37.80967084604819,144.9677115241097,1,1,0,VIC,Block1 Proxy
739,-37.8090726153578,144.97370185666597,4,1,0,VIC,Block4 Proxy
740,-37.81378543549142,144.97164907322477,1,2,274,VIC,Block1 Gateway
741,-37.809408031451596,144.96229589061429,1,2,337,VIC,Block1 Gateway
742,-37.81838754780667,144.95852928977018,3,2,468,VIC,Block3 Gateway
743,-37.81647577470505,144.96657827109115,3,2,119,VIC,Block3 Gateway
744,-37.814230464078776,144.95498841196536,3,1,0,VIC,Block3 Proxy
745,-37.82025942482743,144.969740733072,5,1,0,VIC,Block5 Proxy
746,-37.81878310489464,144.9646926479506,7,2,591,VIC,Block7 Gateway
747,-37.809551514443605,144.952014512098,9,1,0,VIC,Block9 Proxy
748,-37.81421305713475,144.96767873634153,5,1,0,VIC,Block5 Proxy
749,-37.809725745358776,144.9568739612685,11,1,0,VIC,Block11 Proxy
750,-37.820512635938215,144.9571459414374,11,1,0,VIC,Block11 Proxy
751,-37.81718383638729,144.96000938243694,6,1,0,VIC,Block6 Proxy
752,-37.81613588346541,144.95256658732526,3,1,0,VIC,Block3 Proxy
753,-37.81814352719478,144.95461381753725,11,1,0,VIC,Block11 Proxy
754,-37.819621105303796,144.95950654958477,3,1,0,VIC,Block3 Proxy
755,-37.8134344888412,144.96559641197408,7,1,0,VIC,Block7 Proxy
756,-37.80955775025105,144.96211702504266,7,1,0,VIC,Block7 Proxy
757,-37.817928225920134,144.97250705537752,5,1,0,VIC,Block5 Proxy
758,-37.81296976716589,144.96354913625535,11,1,0,VIC,Block11 Proxy
759,-37.811146045181516,144.9562151479619,9,2,237,VIC,Block9 Gateway
760,-37.809928371158065,144.96174648827335,1,2,634,VIC,Block1 Gateway
761,-37.80921103710312,144.95923175787328,2,2,183,VIC,Block2 Gateway
762,-37.81138120495142,144.95971694823547,9,1,0,VIC,Block9 Proxy
763,-37.82025415332889,144.95781955837032,9,2,221,VIC,Block9 Gateway
764,-37.81019330565052,144.95380843021096,12,1,0,VIC,Block12 Proxy
765,-37.8197913028337,144.9723686970937,9,2,102,VIC,Block9 Gateway
766,-37.81358256813865,144.95878745759083,5,1,0,VIC,Block5 Proxy
767,-37.81532956346978,144.97156226408245,4,2,206,VIC,Block4 Gateway
768,-37.81454198830064,144.9631771858302,3,2,37,VIC,Block3 Gateway
769,-37.81715948362321,144.96072728304694,7,2,102,VIC,Block7 Gateway
770,-37.819699926360904,144.9721713825623,2,2,751,VIC,Block2 Gateway
771,-37.814293266313975,144.97007881417395,12,1,0,VIC,Block12 Proxy
772,-37.81099417929003,144.9634973788215,7,1,0,VIC,Block7 Proxy
773,-37.8136301850158,144.96356720304723,7,2,408,VIC,Block7 Gateway
774,-37.819939203842445,144.96033950774398,7,1,0,VIC,Block7 Proxy
775,-37.8166117668625,144.9668451836636,12,1,0,VIC,Block12 Proxy
776,-37.81924252850297,144.95761458012333,8,2,443,VIC,Block8 Gateway
777,-37.81713567934239,144.9640343731113,2,1,0,VIC,Block2 Proxy
778,-37.81180265673275,144.96641937922038,6,1,0,VIC,Block6 Proxy
779,-37.814151919898706,144.95229817620597,9,2,271,VIC,Block9 Gateway
780,-37.811743553016456,144.97380687164286,11,2,488,VIC,Block11 Gateway
781,-37.817442412440194,144.95502771433905,8,2,749,VIC,Block8 Gateway
782,-37.819287526831715,144.96003731438836,1,2,364,VIC,Block1 Gateway
783,-37.81490828114875,144.95690569101174,4,1,0,VIC,Block4 Proxy
784,-37.80953403686665,144.96511838019015,1,2,541,VIC,Block1 Gateway
785,-37.81905863106913,144.96602502015523,3,2,13,VIC,Block3 Gateway
786,-37.820487936237804,144.96347790013928,3,2,19,VIC,Block3 Gateway
787,-37.809832453611556,144.9534735364075,11,1,0,VIC,Block11 Proxy
788,-37.812883433846636,144.97531425629234,1,2,495,VIC,Block1 Gateway
789,-37.81765064647566,144.95795832829117,8,2,162,VIC,Block8 Gateway
790,-37.8157731277455,144.959591967331,10,2,257,VIC,Block10 Gateway
791,-37.81734961930001,144.9752171452292,6,2,722,VIC,Block6 Gateway
792,-37.815473109171755,144.95250341735834,3,1,0,VIC,Block3 Proxy
793,-37.81734964086403,144.96654414476518,11,2,264,VIC,Block11 Gateway
794,-37.80936956533438,144.96217359402112,10,2,184,VIC,Block10 Gateway
795,-37.820420473623635,144.9520468898984,1,2,733,VIC,Block1 Gateway
796,-37.8127993812739,144.9721800918107,10,2,186,VIC,Block10 Gateway
797,-37.816059209410994,144.96720186222726,1,2,768,VIC,Block1 Gateway
798,-37.81459467202574,144.97299136405624,7,1,0,VIC,Block7 Proxy
799,-37.82022603883885,144.97204283160679,1,1,0,VIC,Block1 Proxy
800,-37.81293117991641,144.97424983886455,3,1,0,VIC,Block3 Proxy
801,-37.81243226391173,144.96430734483553,3,2,483,VIC,Block3 Gateway
802,-37.81519736215082,144.97391062577438,8,1,0,VIC,Block8 Proxy
803,-37.81223137312092,144.964746775904,7,1,0,VIC,Block7 Proxy
804,-37.815604185463904,144.97232545243799,6,1,0,VIC,Block6 Proxy
805,-37.81791205826506,144.95779427939158,4,2,403,VIC,Block4 Gateway
806,-37.82016182816071,144.96698447967586,10,2,133,VIC,Block10 Gateway
807,-37.81637586842658,144.9674609080249,7,2,406,VIC,Block7 Gateway
808,-37.81451333824822,144.95205528372222,11,2,466,VIC,Block11 Gateway
809,-37.81257791933414,144.97556182729573,1,1,0,VIC,Block1 Proxy
810,-37.81300521792323,144.96011581472888,1,1,0,VIC,Block1 Proxy
811,-37.812858985482215,144.9746805270715,8,1,0,VIC,Block8 Proxy
812,-37.81081418546595,144.95594753169252,11,2,610,VIC,Block11 Gateway
813,-37.82029606081534,144.97292164831777,9,2,535,VIC,Block9 Gateway
814,-37.820675740291875,144.96140666034188,11,2,395,VIC,Block11 Gateway
815,-37.815291959206014,144.9567018146033,5,1,0,VIC,Block5 Proxy
816,-37.81720811627938,144.9570903245616,12,2,277,VIC,Block12 Gateway
817,-37.81149154967366,144.9650712084345,9,2,635,VIC,Block9 Gateway
818,-37.81317559760812,144.95707863554958,8,1,0,VIC,Block8 Proxy
819,-37.81479337858218,144.96871648655178,8,1,0,VIC,Block8 Proxy
820,-37.817894061894066,144.96951681570454,6,1,0,VIC,Block6 Proxy
821,-37.81960359551537,144.9681653512763,6,1,0,VIC,Block6 Proxy
822,-37.81282896191154,144.96840912360614,5,2,573,VIC,Block5 Gateway
823,-37.81398327699624,144.95495755189364,8,1,0,VIC,Block8 Proxy
824,-37.81967392599624,144.97202371915148,9,2,268,VIC,Block9 Gateway
825,-37.82066144506876,144.95333175448783,12,1,0,VIC,Block12 Proxy
826,-37.8100333607482,144.95738977581274,9,2,533,VIC,Block9 Gateway
827,-37.811967386541326,144.95895892257184,11,1,0,VIC,Block11 Proxy
828,-37.80988962178405,144.95249387471958,6,1,0,VIC,Block6 Proxy
829,-37.81357958599715,144.95978748410468,8,1,0,VIC,Block8 Proxy
830,-37.81994465330841,144.9637908471057,11,2,588,VIC,Block11 Gateway
831,-37.81538322561167,144.95497748660162,4,1,0,VIC,Block4 Proxy
832,-37.812902861628665,144.95627184320006,9,2,32,VIC,Block9 Gateway
833,-37.811845002395515,144.95245233333338,8,1,0,VIC,Block8 Proxy
834,-37.81520314905813,144.97037811741737,6,2,55,VIC,Block6 Gateway
835,-37.809398782094625,144.96903654096752,8,2,372,VIC,Block8 Gateway
836,-37.81463928955489,144.9633240894747,7,2,354,VIC,Block7 Gateway
837,-37.8163089281345,144.97547374562714,11,1,0,VIC,Block11 Proxy
838,-37.815228322369855,144.96367646290392,4,2,57,VIC,Block4 Gateway
839,-37.81074091833361,144.96681137181648,12,2,92,VIC,Block12 Gateway
840,-37.81307498492284,144.9685081133556,1,2,291,VIC,Block1 Gateway
841,-37.81275718560153,144.95969728598254,6,1,0,VIC,Block6 Proxy
842,-37.81866172745615,144.95518521887033,8,1,0,VIC,Block8 Proxy
843,-37.81793164168368,144.9639357277574,9,1,0,VIC,Block9 Proxy
844,-37.81539970473642,144.97223845628733,4,2,789,VIC,Block4 Gateway
845,-37.81218269790144,144.9653232839215,5,1,0,VIC,Block5 Proxy
846,-37.816489275111245,144.9741082905291,8,1,0,VIC,Block8 Proxy
847,-37.81519999302083,144.97386726627272,3,1,0,VIC,Block3 Proxy
848,-37.811928144554145,144.95240194950722,5,2,537,VIC,Block5 Gateway
849,-37.81891479529475,144.96266555691545,6,1,0,VIC,Block6 Proxy
850,-37.80907148227383,144.9639592711745,8,2,571,VIC,Block8 Gateway
851,-37.809471545381754,144.95661492731247,11,2,402,VIC,Block11 Gateway
852,-37.81727124261155,144.9600822801169,4,2,453,VIC,Block4 Gateway
853,-37.811897053713416,144.96547495048728,11,2,801,VIC,Block11 Gateway
854,-37.816021646486,144.965695596451,1,1,0,VIC,Block1 Proxy
855,-37.81990662477201,144.9744904043003,5,1,0,VIC,Block5 Proxy
856,-37.81791102271856,144.9641645490718,6,2,344,VIC,Block6 Gateway
857,-37.812593329327854,144.96461885639152,1,1,0,VIC,Block1 Proxy
858,-37.817477834688255,144.97017996956114,7,1,0,VIC,Block7 Proxy
859,-37.81330870856594,144.96245059983454,2,2,510,VIC,Block2 Gateway
860,-37.8153863677105,144.96676842262042,10,2,531,VIC,Block10 Gateway
861,-37.81959659035851,144.95536096891604,11,1,0,VIC,Block11 Proxy
862,-37.8174927611514,144.96500367621363,10,2,672,VIC,Block10 Gateway
863,-37.81708031195303,144.95310850948113,4,2,225,VIC,Block4 Gateway
864,-37.813914542176924,144.95904974530802,10,2,143,VIC,Block10 Gateway
865,-37.81335108621143,144.9581934705954,11,2,817,VIC,Block11 Gateway
866,-37.81487024932828,144.96342490343338,2,1,0,VIC,Block2 Proxy
867,-37.811171145789785,144.96144405369225,9,2,40,VIC,Block9 Gateway
868,-37.80973252434538,144.95665382152674,2,1,0,VIC,Block2 Proxy
869,-37.80925026969409,144.968320672831,4,2,202,VIC,Block4 Gateway
870,-37.81296754545224,144.96795755726743,4,1,0,VIC,Block4 Proxy
871,-37.81756259603673,144.964714233302,5,1,0,VIC,Block5 Proxy
872,-37.81239814902183,144.9584126123251,7,2,210,VIC,Block7 Gateway
873,-37.81522163099895,144.95922380033835,2,1,0,VIC,Block2 Proxy
874,-37.81359772888367,144.97185836032452,12,2,63,VIC,Block12 Gateway
875,-37.81333326033759,144.95587110239927,11,2,585,VIC,Block11 Gateway
876,-37.81290756388523,144.95206909117823,4,1,0,VIC,Block4 Proxy
877,-37.81221834070787,144.96059861611968,8,2,282,VIC,Block8 Gateway
878,-37.81623222790619,144.9723790564195,7,2,605,VIC,Block7 Gateway
879,-37.81616799691778,144.95527977440875,2,2,478,VIC,Block2 Gateway
880,-37.82072586830571,144.9681908685084,1,2,74,VIC,Block1 Gateway
881,-37.81712017542292,144.96820164250985,9,2,46,VIC,Block9 Gateway
882,-37.812586552701866,144.96177686497813,7,2,118,VIC,Block7 Gateway
883,-37.814647355182665,144.96796929829006,4,1,0,VIC,Block4 Proxy
884,-37.81488176161027,144.96335638860782,4,1,0,VIC,Block4 Proxy
885,-37.80940592593765,144.95392717956426,2,1,0,VIC,Block2 Proxy
886,-37.81282811621981,144.97233511438986,2,1,0,VIC,Block2 Proxy
887,-37.81444986315397,144.96082862076923,7,2,602,VIC,Block7 Gateway
888,-37.81764298044187,144.9663303094328,6,2,132,VIC,Block6 Gateway
889,-37.818429617414814,144.9627425388896,9,2,98,VIC,Block9 Gateway
890,-37.814507026392846,144.96866401969928,2,2,376,VIC,Block2 Gateway
891,-37.818169720961485,144.9678167959546,5,2,194,VIC,Block5 Gateway
892,-37.816760877399176,144.95729570790627,7,1,0,VIC,Block7 Proxy
893,-37.810769397357696,144.95902227979195,6,1,0,VIC,Block6 Proxy
894,-37.81153260636263,144.96489324186868,4,2,365,VIC,Block4 Gateway
895,-37.81905703438601,144.97263177707333,9,1,0,VIC,Block9 Proxy
896,-37.81082891572441,144.9661008220316,6,1,0,VIC,Block6 Proxy
897,-37.81032240562718,144.9664041016745,4,1,0,VIC,Block4 Proxy
898,-37.81620928484613,144.973739121434,1,2,794,VIC,Block1 Gateway
899,-37.81488810913257,144.95740711155733,11,1,0,VIC,Block11 Proxy
900,-37.81953013340096,144.97046991117548,9,1,0,VIC,Block9 Proxy
901,-37.809659267039095,144.96149483074782,10,1,0,VIC,Block10 Proxy
902,-37.81208123364005,144.96097557960297,3,1,0,VIC,Block3 Proxy
903,-37.817522059657975,144.97405957095694,9,1,0,VIC,Block9 Proxy
904,-37.809542525903964,144.96115909356715,11,2,217,VIC,Block11 Gateway
905,-37.81120378708484,144.96558785332022,3,1,0,VIC,Block3 Proxy
906,-37.81603005247249,144.9652647903422,9,1,0,VIC,Block9 Proxy
907,-37.81921909226745,144.96726929158044,1,1,0,VIC,Block1 Proxy
908,-37.815293710169065,144.97405708911697,2,2,19,VIC,Block2 Gateway
909,-37.81297163792399,144.97475501791993,6,2,751,VIC,Block6 Gateway
910,-37.82026232441303,144.96362474492727,6,1,0,VIC,Block6 Proxy
911,-37.81971966768398,144.97007570647426,8,2,806,VIC,Block8 Gateway
912,-37.81372987087304,144.97325907229742,5,2,239,VIC,Block5 Gateway
913,-37.811086976664164,144.95723084625737,9,2,541,VIC,Block9 Gateway
914,-37.813941839783325,144.95713775799265,10,2,63,VIC,Block10 Gateway
915,-37.815760295363894,144.95460747483352,11,1,0,VIC,Block11 Proxy
916,-37.81081834065644,144.96899880237808,6,2,801,VIC,Block6 Gateway
917,-37.812865446677286,144.9550297130724,3,2,93,VIC,Block3 Gateway
918,-37.816357259586546,144.97400160675315,4,2,51,VIC,Block4 Gateway
919,-37.81914874871984,144.97214121779552,12,2,374,VIC,Block12 Gateway
920,-37.82052403760017,144.96073533477286,7,2,239,VIC,Block7 Gateway
921,-37.81364738722753,144.96022523291984,10,1,0,VIC,Block10 Proxy
922,-37.81985289248641,144.9744990151995,1,1,0,VIC,Block1 Proxy
923,-37.81492119908306,144.96754820404018,8,2,104,VIC,Block8 Gateway
924,-37.81212145655455,144.96137754647887,1,2,6,VIC,Block1 Gateway
925,-37.81006482596525,144.96407595108727,10,2,261,VIC,Block10 Gateway
926,-37.816558144386875,144.95655156932725,2,1,0,VIC,Block2 Proxy
927,-37.818634481714504,144.96120336617741,6,2,870,VIC,Block6 Gateway
928,-37.8113283358402,144.95622992571631,10,2,527,VIC,Block10 Gateway
929,-37.8097780803817,144.97435991359217,9,2,592,VIC,Block9 Gateway
930,-37.81993067313352,144.9717381637737,4,1,0,VIC,Block4 Proxy
931,-37.818401331836036,144.96215249137123,3,1,0,VIC,Block3 Proxy
932,-37.809042777551866,144.95960997755665,6,2,790,VIC,Block6 Gateway
933,-37.81571011667569,144.96424303261958,9,1,0,VIC,Block9 Proxy
934,-37.8116157969361,144.97101935255688,1,1,0,VIC,Block1 Proxy
935,-37.812939965645064,144.97537567767046,11,2,5,VIC,Block11 Gateway
936,-37.81407363495534,144.95754078495298,2,1,0,VIC,Block2 Proxy
937,-37.814420998329474,144.95252961833899,12,1,0,VIC,Block12 Proxy
938,-37.814237912739614,144.95456719860306,5,1,0,VIC,Block5 Proxy
939,-37.81198822057692,144.96299304755232,12,1,0,VIC,Block12 Proxy
940,-37.80999868645436,144.96974682293998,3,1,0,VIC,Block3 Proxy
941,-37.81960812655549,144.96854088756757,10,2,577,VIC,Block10 Gateway
942,-37.8162444227987,144.97229584607453,11,2,209,VIC,Block11 Gateway
943,-37.81071691667305,144.95620674376062,10,1,0,VIC,Block10 Proxy
944,-37.80957573908557,144.95340524745936,10,2,765,VIC,Block10 Gateway
945,-37.81305288656247,144.97421780277992,8,2,303,VIC,Block8 Gateway
946,-37.81989170943192,144.96723936426034,5,1,0,VIC,Block5 Proxy
947,-37.82055266279523,144.9580411348014,6,2,723,VIC,Block6 Gateway
948,-37.81113804309485,144.96419686471083,4,2,827,VIC,Block4 Gateway
949,-37.81358605388088,144.96290613311842,11,1,0,VIC,Block11 Proxy
950,-37.810830765831895,144.96312668759737,12,1,0,VIC,Block12 Proxy
951,-37.81353026575042,144.96818348880694,5,2,25,VIC,Block5 Gateway
952,-37.81563783925631,144.96982634272823,2,2,282,VIC,Block2 Gateway
953,-37.81443484170687,144.97547061573235,4,1,0,VIC,Block4 Proxy
954,-37.812703697857856,144.95774302315658,5,2,710,VIC,Block5 Gateway
955,-37.81104661952152,144.9698062723142,12,1,0,VIC,Block12 Proxy
956,-37.81644382258949,144.97018947885198,5,1,0,VIC,Block5 Proxy
957,-37.815903491760416,144.9555900567591,5,1,0,VIC,Block5 Proxy
958,-37.81178507351806,144.95744543238183,3,1,0,VIC,Block3 Proxy
959,-37.813950958435925,144.95389063635403,5,1,0,VIC,Block5 Proxy
960,-37.811943188517624,144.97110354536585,12,2,621,VIC,Block12 Gateway
961,-37.81951377120136,144.97039223671413,8,1,0,VIC,Block8 Proxy
962,-37.81512086335791,144.9710557440631,12,1,0,VIC,Block12 Proxy
963,-37.81438510409046,144.96579477292352,9,2,491,VIC,Block9 Gateway
964,-37.81263245709842,144.97178716682112,8,2,925,VIC,Block8 Gateway
965,-37.81918466204618,144.97184741310076,7,2,648,VIC,Block7 Gateway
966,-37.81292698374952,144.96957664938415,6,2,369,VIC,Block6 Gateway
967,-37.812292542047764,144.95640916041188,2,2,568,VIC,Block2 Gateway
968,-37.81133586148948,144.9567273934567,5,1,0,VIC,Block5 Proxy
969,-37.81743112876758,144.9736539875516,3,2,782,VIC,Block3 Gateway
970,-37.81825716426884,144.95422150137549,6,2,484,VIC,Block6 Gateway
971,-37.81584739891357,144.9640687156836,7,2,500,VIC,Block7 Gateway
972,-37.80951175562916,144.96975724576524,8,2,261,VIC,Block8 Gateway
973,-37.81693997296182,144.97366836263683,5,2,642,VIC,Block5 Gateway
974,-37.81214116821828,144.9721090903512,10,1,0,VIC,Block10 Proxy
975,-37.81412366569292,144.97180541303365,11,1,0,VIC,Block11 Proxy
976,-37.81231301570363,144.97565929175678,5,2,203,VIC,Block5 Gateway
977,-37.81746500898398,144.95370185688796,10,1,0,VIC,Block10 Proxy
978,-37.811772723280576,144.95245056984845,7,1,0,VIC,Block7 Proxy
979,-37.80986075301624,144.9717610015672,1,2,358,VIC,Block1 Gateway
980,-37.81001371159918,144.96907712461774,3,1,0,VIC,Block3 Proxy
981,-37.80982218993553,144.96442232369483,6,1,0,VIC,Block6 Proxy
982,-37.80938262077418,144.9570005936657,4,1,0,VIC,Block4 Proxy
983,-37.817606349244514,144.96115509264945,7,1,0,VIC,Block7 Proxy
984,-37.80911011368771,144.97551453285269,2,1,0,VIC,Block2 Proxy
985,-37.81587979969394,144.96135426611843,9,1,0,VIC,Block9 Proxy
986,-37.81634783082261,144.95370167765017,9,2,520,VIC,Block9 Gateway
987,-37.81800834011003,144.95650962613033,12,2,804,VIC,Block12 Gateway
988,-37.82052484134351,144.9682432416136,8,1,0,VIC,Block8 Proxy
989,-37.81623457265321,144.964425533001,5,1,0,VIC,Block5 Proxy
990,-37.81666649725672,144.95893089883145,6,1,0,VIC,Block6 Proxy
991,-37.81070626501883,144.97146598137152,12,1,0,VIC,Block12 Proxy
992,-37.80932019315763,144.97415452388464,2,2,284,VIC,Block2 Gateway
993,-37.815821516408505,144.9630588686347,5,1,0,VIC,Block5 Proxy
994,-37.81374535745324,144.95689256854303,8,2,572,VIC,Block8 Gateway
995,-37.81490406527288,144.96963013636017,10,1,0,VIC,Block10 Proxy
996,-37.81760932510711,144.96656654365478,10,2,183,VIC,Block10 Gateway
997,-37.81080398900238,144.9670031709291,5,2,924,VIC,Block5 Gateway
998,-37.81783000608434,144.95708942677683,1,2,359,VIC,Block1 Gateway
999,-37.81214154022427,144.97539225511272,4,2,920,VIC,Block4 Gateway
1000,-37.81719440763467,144.9541250001583,8,2,103,VIC,Block8 Gateway
1001,-37.81396429871914,144.97247467653816,8,2,853,VIC,Block8 Gateway
1002,-37.81612331568267,144.9574403949745,10,2,980,VIC,Block10 Gateway
1003,-37.812144964027944,144.96658556536923,2,1,0,VIC,Block2 Proxy
1004,-37.81827852598896,144.95761647593494,8,1,0,VIC,Block8 Proxy
1005,-37.816883658586214,144.9608765628305,2,2,780,VIC,Block2 Gateway
1006,-37.811229702840066,144.95316612879762,9,2,253,VIC,Block9 Gateway
1007,-37.81482167092936,144.96146796352414,11,2,1006,VIC,Block11 Gateway
1008,-37.81927554443781,144.9729959267796,2,1,0,VIC,Block2 Proxy
1009,-37.81518915824158,144.96771133420052,6,2,453,VIC,Block6 Gateway
1010,-37.81851958079209,144.96872594406378,12,1,0,VIC,Block12 Proxy
1011,-37.82042195919586,144.9671507378629,1,2,742,VIC,Block1 Gateway
1012,-37.820173029047375,144.96823299718048,8,2,832,VIC,Block8 Gateway
1013,-37.81794965594249,144.96475191931265,5,1,0,VIC,Block5 Proxy
1014,-37.8104031497868,144.95923186152027,8,2,378,VIC,Block8 Gateway
1015,-37.81139679775396,144.96711496780426,11,1,0,VIC,Block11 Proxy
1016,-37.81661084378235,144.9622559786892,7,1,0,VIC,Block7 Proxy
1017,-37.81600379714296,144.95695091862632,5,1,0,VIC,Block5 Proxy
1018,-37.8129270486455,144.97034225729058,4,1,0,VIC,Block4 Proxy
1019,-37.80908744298315,144.97188944810193,3,2,320,VIC,Block3 Gateway
1020,-37.814618149106906,144.95931317372464,7,2,202,VIC,Block7 Gateway
1021,-37.81460112478019,144.96419198456107,3,1,0,VIC,Block3 Proxy
1022,-37.81223569134944,144.96029520628065,12,1,0,VIC,Block12 Proxy
1023,-37.81316764418642,144.95727203086224,1,1,0,VIC,Block1 Proxy
1024,-37.81651608622822,144.96763295795424,7,1,0,VIC,Block7 Proxy
1025,-37.81018646055837,144.95972742843108,9,2,426,VIC,Block9 Gateway
1026,-37.81580038578918,144.9746966720194,9,2,451,VIC,Block9 Gateway
1027,-37.80949612463649,144.9595017339969,1,1,0,VIC,Block1 Proxy
1028,-37.81045712498185,144.95263658757264,6,2,415,VIC,Block6 Gateway
1029,-37.81967239254191,144.9519825717723,2,2,173,VIC,Block2 Gateway
1030,-37.81613530468906,144.96371713657695,10,1,0,VIC,Block10 Proxy
1031,-37.819274631118326,144.95524760827726,8,2,604,VIC,Block8 Gateway
1032,-37.82014588853004,144.96407055217114,3,1,0,VIC,Block3 Proxy
1033,-37.81784491823914,144.97184990108465,1,2,949,VIC,Block1 Gateway
1034,-37.815426351534875,144.96480221229913,5,1,0,VIC,Block5 Proxy
1035,-37.81454675715297,144.97539662784706,5,2,119,VIC,Block5 Gateway
1036,-37.81734976607458,144.96713001983412,1,2,373,VIC,Block1 Gateway
1037,-37.81568885262565,144.9552045376051,8,2,474,VIC,Block8 Gateway
1038,-37.819871895274076,144.96823572931737,3,2,273,VIC,Block3 Gateway
1039,-37.817918147613504,144.95352242915192,9,2,195,VIC,Block9 Gateway
1040,-37.81565104560666,144.95704195555976,4,1,0,VIC,Block4 Proxy
1041,-37.80987058799671,144.96569963113265,2,2,1,VIC,Block2 Gateway
1042,-37.811750055541346,144.9583576489484,11,1,0,VIC,Block11 Proxy
1043,-37.814396137622396,144.9612489574789,8,2,560,VIC,Block8 Gateway
1044,-37.81753940894208,144.96593489737782,10,2,894,VIC,Block10 Gateway
1045,-37.81101436623288,144.95774977159456,4,1,0,VIC,Block4 Proxy
1046,-37.818226619417885,144.95599337092784,3,1,0,VIC,Block3 Proxy
1047,-37.81628867844605,144.96804870041672,6,1,0,VIC,Block6 Proxy
1048,-37.817488275386154,144.95884202071346,11,1,0,VIC,Block11 Proxy
1049,-37.81932240819505,144.95785006535684,10,2,1039,VIC,Block10 Gateway
1050,-37.8183070034325,144.96563226873167,6,1,0,VIC,Block6 Proxy
1051,-37.819498360482164,144.9694818354229,9,1,0,VIC,Block9 Proxy
1052,-37.81966151194594,144.95687681288015,4,1,0,VIC,Block4 Proxy
1053,-37.81311630991203,144.96456251312716,12,2,304,VIC,Block12 Gateway
1054,-37.81226679021177,144.97548447248644,2,1,0,VIC,Block2 Proxy
1055,-37.813959417907355,144.96689842520286,5,2,151,VIC,Block5 Gateway
1056,-37.81824311270105,144.96903499493837,2,2,732,VIC,Block2 Gateway
1057,-37.819679055595714,144.9747641359972,9,1,0,VIC,Block9 Proxy
1058,-37.80982613774865,144.96589231903138,8,2,280,VIC,Block8 Gateway
1059,-37.81685798893291,144.9570977567053,2,2,793,VIC,Block2 Gateway
1060,-37.8176045699509,144.95261253217816,6,1,0,VIC,Block6 Proxy
1061,-37.81137520046154,144.97523616515835,9,1,0,VIC,Block9 Proxy
1062,-37.80947218692779,144.9624634543502,2,1,0,VIC,Block2 Proxy
1063,-37.81678620984153,144.9652769127143,3,2,795,VIC,Block3 Gateway
1064,-37.81513499198081,144.9753296451681,6,1,0,VIC,Block6 Proxy
1065,-37.81214134171928,144.95735007763108,10,1,0,VIC,Block10 Proxy
1066,-37.812993819310876,144.95525556091354,11,1,0,VIC,Block11 Proxy
1067,-37.81212230592514,144.95373500428272,4,1,0,VIC,Block4 Proxy
1068,-37.8179413307424,144.9521319482126,11,1,0,VIC,Block11 Proxy
1069,-37.81323519247722,144.95557058014361,7,1,0,VIC,Block7 Proxy
1070,-37.815377357786474,144.96442579352828,5,1,0,VIC,Block5 Proxy
1071,-37.811245108359785,144.95744421978043,9,2,686,VIC,Block9 Gateway
1072,-37.81941886888722,144.95404924738622,3,1,0,VIC,Block3 Proxy
1073,-37.81516267669422,144.9668326636599,7,2,734,VIC,Block7 Gateway
1074,-37.81453888387444,144.95514776587538,9,2,235,VIC,Block9 Gateway
1075,-37.81317010505407,144.9556746132966,12,1,0,VIC,Block12 Proxy
1076,-37.81077585736138,144.96639369724605,12,2,731,VIC,Block12 Gateway
1077,-37.82055056593063,144.96478925082863,8,1,0,VIC,Block8 Proxy
1078,-37.815719424181275,144.97483637622463,12,1,0,VIC,Block12 Proxy
1079,-37.81265756027254,144.96200331156788,10,2,424,VIC,Block10 Gateway
1080,-37.816024315062585,144.95947077656058,8,2,746,VIC,Block8 Gateway
1081,-37.81654453325241,144.97546858502315,10,1,0,VIC,Block10 Proxy
1082,-37.81452880057886,144.96735714209956,12,2,840,VIC,Block12 Gateway
1083,-37.816021282554956,144.95527837996565,11,2,464,VIC,Block11 Gateway
1084,-37.81388971191301,144.95375267569207,8,2,732,VIC,Block8 Gateway
1085,-37.82020201442826,144.95621981500707,5,2,386,VIC,Block5 Gateway
1086,-37.81587086349528,144.9534683947882,11,2,1083,VIC,Block11 Gateway
1087,-37.81393869699575,144.96579067885878,9,1,0,VIC,Block9 Proxy
1088,-37.81005223216342,144.95373220271333,6,2,224,VIC,Block6 Gateway
1089,-37.81650100326058,144.9522035065712,1,1,0,VIC,Block1 Proxy
1090,-37.818434981672446,144.9544911151656,4,2,165,VIC,Block4 Gateway
1091,-37.816644795911586,144.96430577195636,4,1,0,VIC,Block4 Proxy
1092,-37.817946285188206,144.9658959358728,10,2,602,VIC,Block10 Gateway
1093,-37.82047329115656,144.9715975976655,10,1,0,VIC,Block10 Proxy
1094,-37.816552017563005,144.97082435573384,10,2,797,VIC,Block10 Gateway
1095,-37.81613706334871,144.9578127033697,10,2,102,VIC,Block10 Gateway
1096,-37.815362603582344,144.95849263558762,9,2,467,VIC,Block9 Gateway
1097,-37.81506383182866,144.95947833865512,8,1,0,VIC,Block8 Proxy
1098,-37.8196372452338,144.95587165514985,6,2,285,VIC,Block6 Gateway
1099,-37.81266632185283,144.96351438319078,10,2,705,VIC,Block10 Gateway
1100,-37.81400443305306,144.95340430164416,1,1,0,VIC,Block1 Proxy
1101,-37.816325240633795,144.96505467727377,10,1,0,VIC,Block10 Proxy
1102,-37.81861113900226,144.95603295527064,2,1,0,VIC,Block2 Proxy
1103,-37.81029236815645,144.96010595718113,9,1,0,VIC,Block9 Proxy
1104,-37.81276554686058,144.95439030491363,3,2,261,VIC,Block3 Gateway
1105,-37.815893240258184,144.96157314108407,12,2,1058,VIC,Block12 Gateway
1106,-37.81927887159572,144.96719506792735,12,2,964,VIC,Block12 Gateway
1107,-37.8095726758883,144.96216608624783,3,2,903,VIC,Block3 Gateway
1108,-37.818588928209905,144.95607955190093,10,2,696,VIC,Block10 Gateway
1109,-37.82069070865664,144.9749555259811,3,2,816,VIC,Block3 Gateway
1110,-37.81715384480487,144.9655321600074,11,2,160,VIC,Block11 Gateway
1111,-37.81054911295129,144.96948067619556,2,1,0,VIC,Block2 Proxy
1112,-37.81194029599478,144.9671347010013,9,2,543,VIC,Block9 Gateway
1113,-37.81380885611143,144.96620290997393,4,1,0,VIC,Block4 Proxy
1114,-37.80971402557566,144.96544166702992,9,2,779,VIC,Block9 Gateway
1115,-37.81785557506707,144.95777197903897,4,2,343,VIC,Block4 Gateway
1116,-37.81720654761195,144.96713281064265,6,1,0,VIC,Block6 Proxy
1117,-37.81722139486163,144.96818841442453,6,2,488,VIC,Block6 Gateway
1118,-37.81900005043464,144.96842223283755,5,2,496,VIC,Block5 Gateway
1119,-37.813111002163794,144.95627958177639,1,2,736,VIC,Block1 Gateway
1120,-37.818944009891986,144.95689422326535,7,1,0,VIC,Block7 Proxy
1121,-37.81122850495658,144.9596456823509,1,1,0,VIC,Block1 Proxy
1122,-37.8162072293785,144.96967913654464,5,1,0,VIC,Block5 Proxy
1123,-37.81194987937586,144.95618137902974,10,1,0,VIC,Block10 Proxy
1124,-37.81611404662011,144.95745507831688,1,2,629,VIC,Block1 Gateway
1125,-37.81253281317401,144.96579917547942,8,2,1032,VIC,Block8 Gateway
1126,-37.82061494414312,144.97484836170156,5,1,0,VIC,Block5 Proxy
1127,-37.8123872864015,144.95511314302055,5,1,0,VIC,Block5 Proxy
1128,-37.81375179862878,144.95414326669086,6,2,9,VIC,Block6 Gateway
1129,-37.81020559200571,144.95962828377145,7,2,441,VIC,Block7 Gateway
1130,-37.810862934180854,144.9661560516786,10,2,648,VIC,Block10 Gateway
1131,-37.814138098252755,144.96560488840984,7,2,1015,VIC,Block7 Gateway
1132,-37.81479015145165,144.96472659954009,5,1,0,VIC,Block5 Proxy
1133,-37.8100667185299,144.96500654852903,4,2,714,VIC,Block4 Gateway
1134,-37.81603714557018,144.96441823349676,11,1,0,VIC,Block11 Proxy
1135,-37.815911269234455,144.95631586559867,9,2,178,VIC,Block9 Gateway
1136,-37.8162504320701,144.965441115541,1,2,674,VIC,Block1 Gateway
1137,-37.811227323061786,144.96483902833995,6,2,658,VIC,Block6 Gateway
1138,-37.8154092845721,144.9728174205159,7,1,0,VIC,Block7 Proxy
1139,-37.82031628873275,144.96857205719806,5,2,794,VIC,Block5 Gateway
1140,-37.815194380668665,144.96305633301947,8,2,933,VIC,Block8 Gateway
1141,-37.81179559972202,144.95228920933673,10,1,0,VIC,Block10 Proxy
1142,-37.815595485368995,144.9649915004938,12,1,0,VIC,Block12 Proxy
1143,-37.81358248362937,144.957256300197,12,1,0,VIC,Block12 Proxy
1144,-37.80970577954525,144.9559668168807,2,1,0,VIC,Block2 Proxy
1145,-37.81295444931368,144.95877201003157,10,1,0,VIC,Block10 Proxy
1146,-37.81524212622115,144.97564354694342,8,1,0,VIC,Block8 Proxy
1147,-37.81524821890267,144.96448893121394,9,2,99,VIC,Block9 Gateway
1148,-37.813945124554245,144.96408389982074,7,2,283,VIC,Block7 Gateway
1149,-37.82038549710364,144.9527438744862,11,2,217,VIC,Block11 Gateway
1150,-37.81414339180673,144.9642466196222,10,1,0,VIC,Block10 Proxy
1151,-37.81609198272144,144.9583567622838,9,2,289,VIC,Block9 Gateway
1152,-37.81665121638614,144.95238865583204,3,2,160,VIC,Block3 Gateway
1153,-37.81466249256063,144.96446262432312,12,1,0,VIC,Block12 Proxy
1154,-37.81870958443029,144.9547128053911,2,2,1065,VIC,Block2 Gateway
1155,-37.810633626420014,144.96778474834332,3,1,0,VIC,Block3 Proxy
1156,-37.81051884029187,144.96719341870093,6,1,0,VIC,Block6 Proxy
1157,-37.81810312377794,144.96157395631394,1,2,215,VIC,Block1 Gateway
1158,-37.81688657712906,144.95444050307216,8,2,534,VIC,Block8 Gateway
1159,-37.8091980636708,144.96672962291032,4,2,902,VIC,Block4 Gateway
1160,-37.81510326304231,144.96827446236406,12,2,964,VIC,Block12 Gateway
1161,-37.81085886278276,144.9691486871917,3,1,0,VIC,Block3 Proxy
1162,-37.813101004174314,144.9660703352116,5,2,713,VIC,Block5 Gateway
1163,-37.8159419667258,144.96948961783085,9,2,257,VIC,Block9 Gateway
1164,-37.81941809830175,144.96804948196765,10,2,163,VIC,Block10 Gateway
1165,-37.81965208954308,144.96493922162205,8,2,213,VIC,Block8 Gateway
1166,-37.81003395552344,144.97175588633235,4,2,969,VIC,Block4 Gateway
1167,-37.814653731282824,144.95685839834152,6,1,0,VIC,Block6 Proxy
1168,-37.815093913761935,144.96315490353385,5,1,0,VIC,Block5 Proxy
1169,-37.81200644365101,144.96318478139628,7,1,0,VIC,Block7 Proxy
1170,-37.809465679219585,144.96618641919858,4,2,63,VIC,Block4 Gateway
1171,-37.81802003567723,144.96996573158393,2,2,1162,VIC,Block2 Gateway
1172,-37.81193055504309,144.96443631012085,12,1,0,VIC,Block12 Proxy
1173,-37.80990700566862,144.9745655424735,4,1,0,VIC,Block4 Proxy
1174,-37.8147205583674,144.96506087873377,11,1,0,VIC,Block11 Proxy
1175,-37.81628007741057,144.96354665846206,8,1,0,VIC,Block8 Proxy
1176,-37.81749034774139,144.9646324050069,2,2,336,VIC,Block2 Gateway
1177,-37.818610943817085,144.95968774686258,5,1,0,VIC,Block5 Proxy
1178,-37.81221769511753,144.97550374233876,5,2,687,VIC,Block5 Gateway
1179,-37.81354979863517,144.97099058155507,10,2,941,VIC,Block10 Gateway
1180,-37.816056873878665,144.96082848605099,8,2,726,VIC,Block8 Gateway
1181,-37.81943554084994,144.9549482249168,11,2,1020,VIC,Block11 Gateway
1182,-37.8195644616942,144.9566888695504,10,1,0,VIC,Block10 Proxy
1183,-37.81025739056269,144.96220691753027,12,1,0,VIC,Block12 Proxy
1184,-37.820448460215914,144.96034508170317,1,2,1138,VIC,Block1 Gateway
1185,-37.81513809008301,144.97198051086852,2,2,834,VIC,Block2 Gateway
1186,-37.81668981043173,144.96039790610922,7,1,0,VIC,Block7 Proxy
1187,-37.810053511053546,144.96909530099694,8,1,0,VIC,Block8 Proxy
1188,-37.81506312247608,144.95305902841582,8,1,0,VIC,Block8 Proxy
1189,-37.81206160997967,144.9615387749339,7,1,0,VIC,Block7 Proxy
1190,-37.81623565765298,144.97238223214612,5,1,0,VIC,Block5 Proxy
1191,-37.810695525767926,144.96872900663882,5,1,0,VIC,Block5 Proxy
1192,-37.82047212316601,144.97288395390777,11,2,179,VIC,Block11 Gateway
1193,-37.81819872818832,144.9720788062059,2,1,0,VIC,Block2 Proxy
1194,-37.81421679195323,144.95882845403298,1,1,0,VIC,Block1 Proxy
1195,-37.813778407303204,144.95903583436538,8,1,0,VIC,Block8 Proxy
1196,-37.81538660564418,144.96756525827794,12,2,40,VIC,Block12 Gateway
1197,-37.81466868346062,144.97261246779505,2,2,938,VIC,Block2 Gateway
1198,-37.81972313933621,144.9756506591223,1,1,0,VIC,Block1 Proxy
1199,-37.81097199864963,144.9676341570746,8,2,67,VIC,Block8 Gateway
1200,-37.81126919836312,144.96363858637542,3,2,453,VIC,Block3 Gateway
1201,-37.814564492054956,144.97297005559824,6,1,0,VIC,Block6 Proxy
1202,-37.80912205750328,144.96807357934625,5,2,1149,VIC,Block5 Gateway
1203,-37.819830817984204,144.9718997684298,2,2,246,VIC,Block2 Gateway
1204,-37.81945076195176,144.9680200122752,8,2,1093,VIC,Block8 Gateway
1205,-37.81339301948249,144.9621598341778,7,1,0,VIC,Block7 Proxy
1206,-37.81937705735494,144.96009271368834,3,1,0,VIC,Block3 Proxy
1207,-37.81880340494723,144.97288252862086,3,2,511,VIC,Block3 Gateway
1208,-37.817608673292135,144.97383559697127,4,2,692,VIC,Block4 Gateway
1209,-37.81278889208913,144.96541608970918,4,1,0,VIC,Block4 Proxy
1210,-37.81425779804175,144.9654059791235,1,1,0,VIC,Block1 Proxy
1211,-37.817759538543434,144.95369371268305,4,1,0,VIC,Block4 Proxy
1212,-37.813486085293135,144.9535651539398,11,2,198,VIC,Block11 Gateway
1213,-37.8147994183093,144.96758743498717,3,1,0,VIC,Block3 Proxy
1214,-37.81179423759592,144.9587463268457,3,2,729,VIC,Block3 Gateway
1215,-37.81234289439833,144.95973042488967,11,2,975,VIC,Block11 Gateway
1216,-37.815989212832555,144.9561189683377,2,2,635,VIC,Block2 Gateway
1217,-37.814418903709765,144.9647348822295,6,1,0,VIC,Block6 Proxy
1218,-37.81243344815685,144.9548322579154,5,2,1188,VIC,Block5 Gateway
1219,-37.81071184440349,144.96551769565247,7,1,0,VIC,Block7 Proxy
1220,-37.81151919490081,144.96639482860596,2,2,660,VIC,Block2 Gateway
1221,-37.815508806141196,144.95518950604423,2,1,0,VIC,Block2 Proxy
1222,-37.82020541122735,144.97353037526432,11,2,924,VIC,Block11 Gateway
1223,-37.80995465198392,144.96846145529815,1,1,0,VIC,Block1 Proxy
1224,-37.81924165852523,144.95348090416815,7,1,0,VIC,Block7 Proxy
1225,-37.813457131589225,144.97090340189501,7,1,0,VIC,Block7 Proxy
1226,-37.81878111844103,144.95444550731764,2,1,0,VIC,Block2 Proxy
1227,-37.81936485605281,144.95923255306425,3,2,1177,VIC,Block3 Gateway
1228,-37.81052013870069,144.97249011391833,7,1,0,VIC,Block7 Proxy
1229,-37.8196866392706,144.96329815629883,12,2,497,VIC,Block12 Gateway
1230,-37.8110735369891,144.9536461000236,10,2,796,VIC,Block10 Gateway
1231,-37.813084550387515,144.97173459104107,11,2,1189,VIC,Block11 Gateway
1232,-37.81059170427747,144.95277542268792,9,1,0,VIC,Block9 Proxy
1233,-37.816396457591864,144.9723293787451,3,1,0,VIC,Block3 Proxy
1234,-37.81667082291351,144.9620753688115,11,1,0,VIC,Block11 Proxy
1235,-37.81840316060469,144.95966031983784,10,1,0,VIC,Block10 Proxy
1236,-37.81588066295705,144.96544167707648,7,2,330,VIC,Block7 Gateway
1237,-37.813695226387765,144.97325390929882,4,1,0,VIC,Block4 Proxy
1238,-37.81744518092075,144.95919262444835,3,1,0,VIC,Block3 Proxy
1239,-37.81800415992698,144.96695739473657,5,2,58,VIC,Block5 Gateway
1240,-37.80926461180941,144.96992743795636,9,1,0,VIC,Block9 Proxy
1241,-37.813255998125534,144.9649595231277,11,1,0,VIC,Block11 Proxy
1242,-37.816727166519634,144.96115792226996,7,1,0,VIC,Block7 Proxy
1243,-37.81369510310366,144.95759737898973,2,1,0,VIC,Block2 Proxy
1244,-37.81012540916953,144.96414849396,10,1,0,VIC,Block10 Proxy
1245,-37.812630510047605,144.96285255615263,9,1,0,VIC,Block9 Proxy
1246,-37.80926731299004,144.9562042290099,8,1,0,VIC,Block8 Proxy
1247,-37.81357144080413,144.96468840230688,5,2,468,VIC,Block5 Gateway
1248,-37.81906453442613,144.9647155060899,5,1,0,VIC,Block5 Proxy
1249,-37.81562435266777,144.97011733389252,12,1,0,VIC,Block12 Proxy
1250,-37.8099683270999,144.97276000864,6,1,0,VIC,Block6 Proxy
1251,-37.81203579889988,144.96131890466623,10,1,0,VIC,Block10 Proxy
1252,-37.820644237164124,144.95549805903903,4,2,1029,VIC,Block4 Gateway
1253,-37.812594243462556,144.95270566570224,2,2,639,VIC,Block2 Gateway
1254,-37.815551595320315,144.9743349716367,9,2,548,VIC,Block9 Gateway
1255,-37.81334921594183,144.9526453976787,11,2,1218,VIC,Block11 Gateway
1256,-37.817612630546186,144.95201637994134,2,1,0,VIC,Block2 Proxy
1257,-37.80920403192953,144.96426149475903,2,2,897,VIC,Block2 Gateway
1258,-37.817434152337945,144.97336297794115,4,2,569,VIC,Block4 Gateway
1259,-37.8135899823422,144.96869044442053,3,2,857,VIC,Block3 Gateway
1260,-37.81560674387852,144.95948715955694,12,1,0,VIC,Block12 Proxy
1261,-37.81049908197094,144.96334672213885,3,2,1020,VIC,Block3 Gateway
1262,-37.81121246716526,144.95826613411396,3,1,0,VIC,Block3 Proxy
1263,-37.81818903133741,144.96143382443046,2,1,0,VIC,Block2 Proxy
1264,-37.815037077354525,144.96239679505126,4,1,0,VIC,Block4 Proxy
1265,-37.81155064807096,144.96303231130082,3,2,821,VIC,Block3 Gateway
1266,-37.819960052434695,144.96798049343388,6,1,0,VIC,Block6 Proxy
1267,-37.81124793794651,144.97326734705152,8,1,0,VIC,Block8 Proxy
1268,-37.81211628454637,144.96151920812767,9,2,756,VIC,Block9 Gateway
1269,-37.812425720881066,144.95309227415078,10,2,136,VIC,Block10 Gateway
1270,-37.82021614657358,144.9686512713419,9,2,492,VIC,Block9 Gateway
1271,-37.81518397324089,144.9526119381986,4,2,125,VIC,Block4 Gateway
1272,-37.81381551544529,144.9640696885915,5,1,0,VIC,Block5 Proxy
1273,-37.81669871500915,144.97119083875162,4,1,0,VIC,Block4 Proxy
1274,-37.81232595250517,144.97373639124046,2,2,967,VIC,Block2 Gateway
1275,-37.82073468727783,144.96358343366816,9,2,548,VIC,Block9 Gateway
1276,-37.813778366307126,144.95811138317845,11,2,38,VIC,Block11 Gateway
1277,-37.81854083134044,144.95752344214998,3,1,0,VIC,Block3 Proxy
1278,-37.812093925259205,144.95685656559863,1,1,0,VIC,Block1 Proxy
1279,-37.811130055686604,144.95200171469818,10,1,0,VIC,Block10 Proxy
1280,-37.81685379671782,144.95830496864687,1,1,0,VIC,Block1 Proxy
1281,-37.810915684157536,144.96516253701492,1,2,972,VIC,Block1 Gateway
1282,-37.812877951672164,144.96662703510344,1,2,806,VIC,Block1 Gateway
1283,-37.81696177139545,144.95727059304886,2,2,981,VIC,Block2 Gateway
1284,-37.810523273024906,144.96516508137856,4,2,393,VIC,Block4 Gateway
1285,-37.811295579408664,144.960615176354,8,1,0,VIC,Block8 Proxy
1286,-37.82017319319731,144.95953213475718,8,1,0,VIC,Block8 Proxy
1287,-37.81786003879275,144.9718601190262,7,2,464,VIC,Block7 Gateway
1288,-37.81576358939777,144.95525216345453,9,2,370,VIC,Block9 Gateway
1289,-37.8135576032679,144.9741689674882,5,1,0,VIC,Block5 Proxy
1290,-37.812665442675105,144.9559297845468,7,2,694,VIC,Block7 Gateway
1291,-37.81595251235194,144.972150023257,1,2,890,VIC,Block1 Gateway
1292,-37.81276494801699,144.9599975489801,12,2,983,VIC,Block12 Gateway
1293,-37.81497237573685,144.96221208216483,3,1,0,VIC,Block3 Proxy
1294,-37.816324925308415,144.97151181475436,7,1,0,VIC,Block7 Proxy
1295,-37.81666340081433,144.96776745883736,11,1,0,VIC,Block11 Proxy
1296,-37.81056943697098,144.973523685119,9,2,800,VIC,Block9 Gateway
1297,-37.81172341599216,144.95847838883347,9,2,585,VIC,Block9 Gateway
1298,-37.81409439979866,144.96453150048214,2,2,852,VIC,Block2 Gateway
1299,-37.81694321238844,144.96159363638262,3,2,302,VIC,Block3 Gateway
